X1a,X1b,X1c,X1d,X1e,X1f,X1g,X1h,X1i,X1j,X1k,X1l,X1m,X1n,X1o,X2a,X2b,X2c,X2d,X2e,X2f,X2g,X2h,X2i,X2j,X2k,X2l,X2m,X3a,X3b,X3c,X5,binaryClass
3,3,4,4,3,3,3,4,4,2,4,2,4,5,2,3,5,5,4,4,4,2,5,4,4,2,5,4,3,3,3,1,N
4,3,5,4,3,5,3,3,3,1,1,1,4,5,2,4,5,5,4,4,3,3,4,5,2,3,1,1,3,3,3,2,N
5,4,4,3,3,3,3,4,4,2,5,3,4,5,2,4,4,4,4,3,3,4,4,3,3,2,1,1,3,2,3,3,N
4,5,4,3,4,3,4,2,4,2,3,2,2,3,3,3,4,4,4,5,3,2,3,4,2,4,2,1,3,4,3,2,N
4,5,4,5,3,5,5,2,2,1,1,1,5,5,3,1,5,3,2,5,1,1,3,5,1,4,2,1,2,4,2,3,N
4,4,3,4,4,3,3,2,4,3,4,3,5,4,1,4,3,2,2,4,3,2,2,4,3,4,1,2,3,4,3,2,N
5,4,4,5,1,3,5,2,3,1,2,1,5,4,5,3,5,1,3,4,3,4,1,5,3,2,1,1,3,5,3,2,N
5,4,4,3,3,3,3,2,2,2,3,1,3,4,2,3,3,2,3,4,4,3,2,5,3,3,1,1,3,3,3,2,N
5,1,2,3,2,5,3,2,4,1,5,2,4,5,1,1,5,4,4,4,2,3,4,5,3,5,1,1,,,,,N
4,5,5,3,3,4,4,3,3,3,3,3,3,5,3,5,5,4,4,4,3,3,3,5,4,3,3,3,3,2,4,1,N
4,4,5,4,2,4,3,3,4,1,4,2,3,5,1,2,4,4,3,3,2,3,3,4,1,5,1,1,1,4,2,2,N
2,3,4,4,4,5,3,3,3,1,3,2,3,5,1,3,5,4,3,4,3,3,4,4,3,3,1,1,3,3,3,2,N
5,5,4,4,4,4,3,4,4,3,3,2,4,4,1,3,4,3,4,4,3,2,3,4,3,4,1,1,4,3,4,2,N
3,3,3,3,1,3,5,1,1,1,1,1,1,5,3,3,1,1,3,1,3,1,1,4,1,2,1,1,3,3,3,2,N
5,4,4,5,3,4,5,3,3,3,4,2,5,5,2,3,5,2,3,3,2,2,2,5,3,4,1,1,3,4,4,3,N
4,5,5,4,3,3,3,2,4,2,3,1,4,5,3,3,3,2,4,3,4,2,2,5,3,2,1,1,3,3,3,2,N
5,5,4,4,4,3,4,3,3,1,2,2,3,4,3,3,4,4,4,4,4,3,3,5,3,3,1,1,3,3,3,2,N
5,5,5,5,4,4,4,4,3,3,4,2,5,5,4,2,4,4,3,4,3,3,3,3,3,3,2,2,3,3,3,2,N
5,5,5,4,3,3,4,3,3,2,3,3,4,4,2,3,5,3,3,4,3,3,3,5,2,3,1,1,2,2,2,2,N
5,5,5,4,4,5,5,4,4,3,4,4,5,5,3,4,4,5,5,5,4,4,5,3,3,2,2,2,4,3,3,,N
5,4,5,5,4,4,3,3,4,2,4,2,3,5,4,5,5,4,4,3,3,3,4,5,2,1,1,1,3,2,3,2,N
5,4,4,4,3,3,2,3,3,2,2,2,4,3,2,2,4,3,3,4,3,2,3,4,3,3,1,1,3,3,3,2,N
5,4,4,3,3,4,2,2,2,1,4,3,2,5,1,1,5,4,3,5,3,2,3,5,4,3,1,1,,,,1,N
4,5,5,4,4,4,3,4,4,3,4,3,5,4,3,5,4,4,4,3,3,3,4,3,3,3,3,2,3,3,3,3,N
4,4,5,4,4,5,3,2,4,1,3,2,4,5,5,2,5,2,2,4,3,2,2,4,4,4,2,2,3,3,3,2,N
3,3,4,4,5,4,4,1,3,2,4,2,3,5,2,2,5,3,4,4,4,4,4,3,3,3,4,2,2,3,2,1,N
5,4,4,3,3,3,3,3,3,3,5,3,4,5,3,4,4,3,4,4,3,3,3,4,3,3,3,3,2,2,3,1,N
5,4,4,5,5,4,4,5,5,2,5,4,5,5,1,5,5,5,5,4,3,3,5,5,4,2,3,3,5,5,5,1,N
4,3,5,4,4,4,3,4,4,2,3,3,4,4,4,3,4,3,3,4,4,2,2,5,2,4,2,2,2,3,3,2,N
2,4,4,4,3,5,3,3,4,3,2,2,2,5,1,2,5,3,3,4,3,2,3,4,3,4,3,3,4,3,4,2,P
5,5,5,5,4,5,4,4,4,3,5,4,4,5,5,3,5,2,3,5,3,2,2,5,2,4,2,4,2,3,3,3,P
3,3,2,3,3,3,3,5,4,1,3,1,2,2,3,1,4,1,3,4,2,1,2,5,4,5,1,1,2,3,3,2,P
4,4,4,4,4,4,5,4,5,1,4,2,5,5,5,3,5,4,4,4,3,4,5,2,3,3,2,2,2,3,3,1,P
4,5,5,4,4,4,4,4,4,3,4,4,5,5,3,3,5,2,3,4,3,3,2,3,3,5,2,3,3,3,3,2,P
4,4,4,3,2,4,3,2,3,1,2,2,4,4,3,2,4,3,2,4,3,2,2,5,3,4,1,1,3,4,3,2,P
5,5,3,4,4,4,4,3,3,1,3,2,2,3,3,2,4,2,3,4,2,3,4,2,4,2,2,,4,4,3,2,P
3,3,4,3,2,3,4,3,4,2,2,2,2,5,1,1,4,4,4,4,4,3,4,5,5,4,2,2,1,1,1,1,P
4,4,4,3,4,4,4,4,4,3,3,3,4,4,2,1,4,4,4,4,3,3,4,3,3,1,1,1,3,3,3,2,P
4,4,5,4,4,4,4,4,5,2,2,3,3,5,1,2,5,4,4,5,4,4,5,3,3,,1,2,3,4,4,3,P
5,5,5,5,3,5,3,5,3,2,2,2,5,3,4,3,5,2,5,3,2,2,4,2,5,,1,1,3,3,3,2,P
5,4,4,4,4,3,3,4,4,3,4,4,4,5,3,3,5,3,4,5,3,2,4,5,3,4,1,1,3,5,3,2,P
5,5,4,5,5,1,4,5,4,1,4,5,3,4,2,3,3,1,2,2,4,2,2,2,2,4,1,1,,,,2,P
3,2,5,4,2,2,4,1,5,1,4,3,2,5,2,5,4,2,3,4,2,2,2,5,5,3,3,1,2,2,2,1,P
5,5,5,5,5,5,5,4,5,3,5,1,5,5,3,2,5,5,4,5,3,4,5,5,4,2,,,,3,,3,P
5,3,4,4,3,4,5,5,5,3,5,2,5,5,3,5,4,3,,5,3,5,3,2,1,,2,2,2,3,3,2,P
4,5,4,4,3,3,4,2,5,1,3,3,5,4,1,2,4,3,3,4,4,4,3,5,4,4,1,2,3,3,3,2,P
5,5,5,4,3,2,4,3,3,4,3,2,3,5,1,2,5,3,3,4,1,2,3,5,3,4,1,1,3,5,3,2,P
5,4,5,3,4,4,5,3,4,2,1,3,3,5,3,1,5,3,2,4,1,2,3,5,4,4,1,1,3,5,2,2,P
5,5,5,5,5,4,5,3,5,4,5,2,5,4,1,2,4,3,3,5,4,2,2,5,2,3,1,1,4,4,3,2,P
5,4,5,3,1,3,3,2,5,1,3,3,1,5,1,4,3,1,3,2,3,3,1,4,5,3,1,3,3,4,4,1,P
4,3,5,5,4,3,5,4,4,3,5,2,4,5,3,3,5,4,4,4,4,3,2,4,1,3,1,1,1,3,1,2,P
3,4,5,4,5,2,5,3,5,,,4,5,5,1,4,5,3,4,3,2,2,,5,3,4,1,1,3,2,,1,P
5,5,5,4,3,3,4,3,4,2,3,2,4,4,2,3,4,3,3,4,5,3,3,5,3,3,1,1,3,3,3,2,P
5,5,5,5,5,3,3,3,4,4,4,4,5,5,4,4,4,3,4,4,3,2,3,5,2,1,3,3,2,1,5,1,P
4,4,3,4,2,3,3,3,3,1,4,1,4,3,3,3,4,3,4,3,2,2,3,4,3,3,1,2,4,2,3,,P
5,3,2,4,4,3,1,5,5,3,4,1,5,2,1,1,2,3,4,2,1,3,5,3,1,1,1,1,5,5,5,,P
5,5,5,3,3,2,4,3,3,1,4,2,2,5,1,1,4,3,3,4,3,2,2,5,2,4,1,1,2,2,3,3,P
2,5,5,4,2,5,4,2,5,1,3,1,5,5,1,3,5,4,3,5,1,3,2,5,2,3,1,1,2,1,4,2,P
4,4,4,4,4,3,3,4,4,3,4,4,4,5,4,4,4,4,4,3,3,4,3,5,3,3,1,1,3,3,4,1,P
5,5,4,3,3,3,4,4,4,1,3,3,4,5,3,3,5,4,4,5,5,4,3,5,3,4,1,1,5,4,4,2,P
5,5,5,5,3,5,4,3,5,2,5,5,5,4,1,4,5,4,5,5,5,4,5,5,4,2,2,1,4,4,4,1,P
4,4,3,4,3,4,4,4,4,2,3,2,5,5,3,4,4,4,4,4,4,3,3,4,2,3,1,1,3,2,3,2,P
5,5,4,4,4,4,5,4,4,1,3,3,4,3,1,4,5,3,3,4,4,4,3,4,3,1,2,2,3,4,2,2,P
5,4,4,4,3,3,3,4,4,1,4,2,4,5,1,2,4,4,3,4,2,2,4,4,3,3,1,1,3,4,3,1,P
5,5,5,5,5,4,5,3,4,2,5,1,5,3,4,2,5,5,3,5,2,3,3,5,3,4,1,1,3,3,3,2,P
5,4,4,4,3,3,4,3,3,3,5,4,3,4,3,2,4,3,4,4,3,2,2,4,4,4,3,2,4,4,4,3,P
2,4,3,4,3,5,5,1,1,1,1,1,2,5,1,2,5,3,1,3,4,1,2,5,4,4,1,1,,3,,2,N
4,4,3,4,3,5,2,5,4,1,3,1,3,4,1,2,5,3,4,3,5,3,4,5,1,1,1,1,3,3,3,2,N
3,5,4,4,2,3,5,5,3,3,3,2,3,3,2,1,5,3,3,4,5,3,3,5,3,3,1,1,3,3,4,2,N
5,4,4,4,3,4,3,2,2,1,4,1,5,5,1,3,5,4,4,4,3,3,3,5,3,2,1,2,4,4,4,2,N
5,5,5,5,5,2,4,1,1,1,5,5,2,5,3,2,5,5,5,3,3,4,4,5,4,,1,1,3,3,3,1,N
4,4,5,3,3,4,4,3,3,4,3,4,4,5,3,4,4,4,3,4,2,3,3,4,3,4,1,1,3,,,1,N
4,4,4,3,3,4,4,4,4,3,4,4,5,5,4,3,5,4,5,5,4,4,,3,4,3,2,2,4,4,4,1,N
5,4,3,4,4,2,2,3,4,2,4,3,4,4,3,2,4,3,3,4,2,2,2,4,2,3,1,1,3,3,3,2,N
4,5,4,4,3,3,2,2,4,2,3,2,4,4,2,4,4,4,4,3,2,2,4,4,4,3,3,3,2,2,2,1,N
4,4,4,4,4,4,4,4,4,2,3,2,4,5,4,2,5,4,3,3,2,3,4,5,3,3,2,2,2,4,2,2,N
4,5,5,5,4,4,3,3,4,4,4,3,4,4,2,3,4,4,4,5,3,2,4,5,2,4,2,2,3,3,4,2,N
5,5,5,4,4,3,4,3,4,4,4,3,4,5,4,3,5,5,5,3,2,3,5,5,3,3,2,2,3,3,3,1,N
5,5,4,3,1,3,3,4,4,3,4,3,4,4,2,2,4,3,2,4,2,2,3,4,2,5,1,2,4,4,3,2,N
4,4,4,4,4,4,4,4,3,4,3,3,3,3,4,3,3,3,4,3,3,3,4,4,3,3,3,3,4,3,3,2,N
4,4,5,4,4,3,2,1,5,1,3,3,3,5,2,4,4,4,4,4,3,2,3,5,4,3,1,1,2,2,1,1,N
4,4,4,4,3,3,2,4,4,1,4,1,2,4,2,3,3,3,4,4,3,2,,5,4,3,1,1,3,4,4,2,N
4,4,5,4,3,5,4,3,5,3,4,3,4,5,2,2,4,3,4,5,4,3,5,2,3,1,1,2,4,5,4,2,N
3,4,5,3,2,4,4,3,4,2,3,3,3,5,2,3,5,3,4,3,4,4,3,5,3,3,1,1,3,3,3,1,N
1,5,1,1,1,1,5,5,5,1,1,1,5,5,1,5,5,5,1,5,1,1,5,5,1,1,1,1,1,1,1,3,N
4,5,5,3,3,5,2,3,4,3,4,4,4,5,3,5,5,2,4,5,3,2,2,5,2,3,2,3,2,3,3,1,N
5,4,1,2,2,4,5,2,4,1,3,2,2,5,1,2,4,3,3,1,3,2,1,5,4,3,1,1,,,,1,N
5,4,3,3,3,2,3,3,2,,,2,2,5,4,2,5,3,3,4,3,3,3,5,2,3,1,1,,,,2,N
5,5,5,5,5,3,4,4,4,4,4,4,4,4,3,1,3,2,1,3,3,3,1,4,3,5,1,1,3,3,3,2,N
5,4,4,5,5,4,3,3,4,3,4,4,4,5,4,3,5,3,4,5,3,3,4,4,5,5,5,5,4,4,4,1,N
5,4,5,5,5,5,4,5,3,3,2,3,4,5,3,4,5,5,5,5,4,3,4,5,3,5,1,1,3,3,3,1,N
5,5,5,5,5,5,3,5,4,5,5,2,5,5,1,2,2,1,1,3,2,1,2,5,5,4,2,2,2,1,1,2,N
4,4,5,1,1,5,4,2,5,2,4,2,3,4,1,4,3,4,5,4,3,2,2,3,4,4,5,5,3,3,3,3,N
4,4,4,5,5,5,5,4,4,1,3,3,4,4,2,3,4,4,3,4,,3,4,3,2,5,1,1,3,5,3,2,N
5,5,5,4,4,5,4,5,5,2,5,1,5,5,1,2,4,3,3,4,2,2,2,5,1,5,1,1,4,5,4,2,N
5,5,5,5,4,4,5,3,4,1,5,4,4,5,1,3,3,3,2,4,2,3,3,3,3,5,1,1,3,5,3,2,N
5,5,5,5,5,3,4,1,3,1,4,4,4,5,5,2,5,5,4,5,3,3,3,5,3,3,2,2,3,3,3,1,N
5,5,5,5,5,5,5,5,5,1,5,1,5,5,1,4,5,3,4,4,4,4,3,5,3,3,1,1,3,3,3,1,N
5,5,5,5,4,5,3,3,4,2,3,1,4,3,1,4,5,2,3,5,3,4,3,5,4,5,1,1,1,1,1,1,N
5,5,5,4,4,2,4,4,4,1,3,2,4,5,2,3,5,3,3,4,3,3,3,5,3,3,1,1,2,2,3,2,N
5,5,4,5,5,3,2,3,5,1,4,1,5,5,2,3,3,3,4,4,3,3,3,5,1,1,1,1,3,3,4,2,N
5,4,2,4,3,4,4,3,3,1,2,1,4,4,1,1,3,2,4,3,1,1,4,5,2,4,1,1,2,3,3,2,N
5,5,5,4,4,3,4,5,5,3,4,2,5,5,1,4,5,5,3,3,3,3,3,4,3,3,1,1,2,2,2,1,N
1,5,4,5,5,3,2,1,1,2,3,4,4,4,2,5,2,2,3,2,4,2,4,4,4,4,2,3,3,4,2,1,N
5,5,4,5,4,4,4,4,5,2,3,3,4,4,2,2,4,3,3,5,4,4,3,5,2,4,1,1,3,2,2,2,N
5,5,4,5,5,2,4,5,3,1,4,1,4,5,1,1,4,5,4,5,3,3,3,4,1,1,1,1,3,3,3,2,N
4,5,5,5,3,5,2,3,3,1,5,2,5,5,1,2,5,5,3,4,3,1,4,5,2,1,1,1,3,3,3,2,N
3,3,4,2,4,4,2,5,5,1,5,2,4,5,1,4,5,5,5,5,4,4,5,5,5,3,2,2,3,3,3,2,N
4,4,4,5,5,5,3,4,4,1,3,1,5,5,3,3,5,3,4,4,3,2,2,5,3,4,1,3,3,3,3,2,N
5,4,4,5,5,5,5,4,4,3,5,3,5,5,2,2,5,5,4,5,3,3,5,4,3,2,1,1,3,3,4,2,N
5,5,5,5,3,2,3,3,4,2,4,1,5,4,1,2,5,3,3,5,2,2,3,5,3,4,1,1,3,3,2,2,N
5,5,5,4,4,3,3,5,5,3,3,3,4,4,2,1,4,4,1,4,2,2,1,3,1,5,1,1,1,1,1,2,N
1,1,4,3,3,1,2,1,1,1,1,1,4,5,1,1,4,4,3,4,3,3,3,4,2,3,1,1,2,3,4,2,N
5,5,4,4,4,5,5,5,5,1,1,1,5,5,1,1,2,2,1,4,1,1,1,5,4,5,1,1,3,3,3,2,N
5,5,5,4,3,5,5,4,4,1,4,3,5,5,1,4,4,4,4,4,3,1,3,5,1,2,1,1,,3,,2,N
3,2,3,5,5,4,4,1,3,1,1,1,1,5,2,5,4,3,4,4,3,3,3,5,3,3,4,3,3,3,3,1,N
4,5,4,5,5,5,3,3,5,4,4,3,5,5,3,2,5,4,4,5,4,3,3,5,3,4,3,3,3,3,4,2,N
4,4,3,3,3,4,4,4,3,1,2,1,4,4,1,3,5,5,3,5,2,3,3,5,3,4,2,2,4,3,3,3,N
5,3,3,2,2,3,4,4,5,1,2,1,4,5,1,5,5,4,5,4,3,2,3,5,4,2,1,1,2,1,3,1,N
4,4,5,4,4,3,3,2,4,1,4,3,2,5,1,2,5,3,3,3,4,3,3,5,2,4,1,1,3,3,3,1,N
5,5,4,5,5,2,5,1,1,1,4,1,5,5,2,4,5,5,5,5,5,5,5,5,4,1,1,1,2,2,2,2,N
5,5,5,5,5,5,3,3,5,3,1,1,1,3,3,3,4,2,2,5,4,3,2,5,3,4,1,3,4,3,3,2,N
2,3,4,2,3,4,2,2,4,1,3,1,3,5,2,5,5,3,4,4,3,1,3,4,3,1,4,3,2,2,2,1,N
4,5,3,2,2,4,3,3,3,1,2,2,4,3,1,1,3,2,2,3,,3,3,4,2,3,1,1,,3,,2,N
5,5,4,2,2,2,4,2,2,2,4,4,3,4,2,4,4,3,3,4,3,3,2,5,2,3,1,1,3,2,2,2,N
5,5,5,5,5,5,5,5,5,5,5,5,5,5,5,2,4,4,2,2,2,2,2,5,3,5,3,3,5,5,5,3,N
5,4,3,3,3,3,3,4,3,2,4,1,5,5,3,3,5,5,4,5,3,2,4,4,1,2,3,3,5,5,4,3,N
2,5,3,5,5,2,5,5,3,1,1,1,1,5,1,1,5,2,2,3,3,3,4,4,3,5,1,1,3,3,3,2,N
5,5,5,4,3,3,4,4,4,1,5,1,5,5,3,5,5,5,5,5,4,2,3,4,3,4,1,1,3,3,4,2,N
4,5,4,5,4,3,3,4,4,4,3,3,4,4,5,3,4,4,3,3,3,3,4,5,3,5,1,1,2,3,3,2,N
5,5,5,4,4,5,4,1,5,1,1,1,5,3,5,2,5,4,2,4,3,2,2,5,3,3,1,1,3,3,3,2,N
5,4,5,3,2,4,4,3,5,2,5,2,4,5,2,4,5,3,4,4,3,3,3,4,4,3,1,3,3,4,3,2,N
5,4,4,3,2,4,5,4,5,1,4,2,5,5,2,3,5,3,3,4,3,3,3,4,4,2,3,4,3,3,4,1,N
5,3,4,3,1,3,3,2,2,1,2,2,5,5,1,5,5,4,3,5,4,5,4,5,2,4,1,1,4,4,2,2,N
1,1,1,1,1,1,1,1,1,1,1,1,1,1,1,1,1,1,1,1,1,1,1,1,1,1,1,1,1,1,1,2,N
4,5,4,3,2,1,5,4,4,5,4,1,5,2,4,2,5,3,4,3,3,3,3,5,3,3,5,3,3,3,3,1,N
3,3,4,4,4,5,2,4,4,1,4,3,3,5,1,3,5,2,3,5,2,2,3,4,3,4,4,2,3,3,2,1,N
5,5,5,5,5,5,5,5,5,,5,3,5,5,4,2,5,5,3,3,3,3,5,4,1,,1,1,3,5,5,2,N
2,3,4,3,4,3,4,1,5,1,2,3,4,2,1,4,4,3,3,4,2,3,1,4,2,3,1,1,3,3,3,3,N
4,4,5,4,2,4,2,3,4,1,5,4,5,5,1,4,4,4,5,4,3,3,4,2,2,2,2,1,2,2,2,2,N
5,5,5,5,5,5,4,4,5,4,5,4,4,5,4,5,5,4,4,5,4,4,4,5,3,3,2,2,3,4,4,3,N
5,5,3,3,3,3,4,2,3,1,3,3,3,3,1,3,4,3,3,4,3,3,2,4,3,3,1,1,2,2,3,1,N
5,4,5,5,3,4,5,3,4,1,4,2,4,5,1,2,5,1,2,4,3,1,2,4,1,4,1,1,4,3,3,2,N
4,2,2,3,3,2,3,3,3,4,4,3,3,2,2,1,2,3,4,4,4,4,3,3,4,3,3,4,3,3,3,3,N
5,5,5,5,3,5,3,3,3,2,2,1,4,4,1,2,5,3,5,4,1,3,3,5,1,4,1,1,3,3,3,2,N
4,4,4,4,4,4,4,4,4,4,4,4,4,4,4,3,4,4,4,4,4,4,4,4,4,4,4,4,4,4,4,2,N
4,3,5,2,2,,5,4,4,3,4,3,4,3,2,5,5,5,3,4,3,3,4,5,3,3,1,1,3,3,4,3,N
4,4,4,3,4,3,4,3,4,1,4,1,4,5,4,4,5,4,4,4,3,2,4,5,5,4,4,5,4,4,4,1,N
4,5,4,5,4,4,3,4,4,1,5,3,5,5,3,3,5,4,4,4,4,3,4,5,4,2,2,2,4,4,4,1,N
5,5,5,5,5,5,5,4,4,3,4,4,4,5,2,5,5,4,4,3,3,3,4,4,4,3,2,2,3,2,2,1,N
5,3,5,2,2,5,5,3,5,1,3,2,4,5,2,5,5,5,4,3,5,3,4,5,3,2,3,3,3,1,3,1,N
5,5,5,4,3,4,3,4,4,2,3,4,4,4,3,3,5,5,5,5,3,3,4,5,3,3,1,2,1,1,1,2,N
3,4,4,4,4,4,3,4,3,3,2,2,3,5,2,4,5,4,3,3,2,3,4,5,3,1,1,1,2,2,2,2,N
5,5,5,5,5,5,4,3,5,4,2,1,3,3,5,3,5,3,2,4,1,1,1,5,2,5,1,1,4,3,3,3,N
4,5,5,5,5,5,5,5,5,1,3,1,5,5,1,1,4,3,3,4,2,3,3,4,2,5,1,4,3,3,3,2,N
5,5,5,5,5,4,4,2,4,1,3,3,4,4,1,3,4,3,3,3,3,3,3,4,2,3,1,1,2,2,3,2,N
4,3,4,2,2,3,4,4,4,3,3,2,4,5,4,2,4,4,3,2,2,2,3,4,3,5,1,1,2,2,2,2,N
5,4,3,3,2,2,2,2,3,2,1,1,3,3,5,2,5,4,4,5,2,3,2,4,3,2,1,1,1,3,2,3,N
5,3,4,3,2,4,2,2,4,2,3,3,4,3,3,3,5,3,4,5,3,3,3,5,1,3,1,1,4,4,2,2,N
5,4,5,3,4,3,3,5,5,3,5,2,4,5,2,5,4,4,5,4,3,3,4,5,3,2,2,2,3,3,3,1,N
4,4,3,4,3,2,3,2,4,1,2,1,5,5,5,3,2,4,3,4,3,3,4,5,3,3,1,1,3,3,3,2,N
5,5,5,5,5,5,2,5,4,3,4,3,5,5,2,1,5,3,2,5,4,3,4,5,2,5,1,1,4,5,3,1,N
4,3,5,3,3,4,4,1,5,2,5,3,3,4,1,4,5,3,4,5,3,1,2,5,3,2,1,1,2,2,2,1,N
5,4,3,3,3,3,2,4,3,2,4,2,5,3,1,2,4,3,3,4,2,2,4,4,2,3,1,1,3,3,3,2,N
5,5,4,4,4,3,3,2,2,2,4,2,5,4,3,2,5,3,3,4,2,2,3,5,2,4,2,1,3,4,2,2,N
3,5,1,4,4,5,5,5,5,1,5,1,5,5,1,5,5,5,2,3,1,3,1,5,3,5,1,1,2,1,2,1,N
5,5,5,5,5,3,4,4,4,1,5,3,2,5,1,3,5,4,4,4,4,2,3,5,3,2,3,3,4,3,2,1,N
5,4,4,3,3,4,4,2,5,2,4,3,4,5,3,5,5,4,3,4,3,3,3,4,3,2,1,1,1,2,2,1,N
4,5,5,4,4,3,3,2,1,1,3,2,3,4,2,5,5,5,4,4,2,2,5,2,2,5,3,4,2,2,2,1,N
4,5,4,4,4,3,4,3,4,3,4,3,4,5,4,1,5,5,3,5,2,2,4,4,3,4,3,2,3,3,2,1,N
5,5,4,4,3,4,3,2,4,1,4,4,4,4,2,3,5,2,4,4,3,3,2,4,3,3,2,2,1,1,1,1,N
5,5,5,4,4,2,3,4,2,2,3,3,3,5,1,5,5,4,4,5,2,4,4,5,3,3,1,1,3,3,3,3,N
5,5,5,5,5,5,4,4,4,4,4,3,5,5,4,3,4,3,4,4,3,3,3,4,3,4,2,2,3,4,3,2,N
5,4,4,4,5,5,5,2,3,1,2,1,1,5,3,2,4,3,3,4,2,4,4,3,2,5,4,3,3,3,3,1,N
5,4,4,2,2,3,3,5,3,1,3,3,4,4,2,1,5,3,3,4,3,4,5,4,4,5,1,1,3,5,3,2,N
4,4,5,3,1,3,3,5,4,1,4,1,5,5,1,4,4,4,3,4,2,1,4,4,2,3,1,1,3,1,2,1,N
5,5,5,5,5,4,1,3,3,1,1,1,4,4,3,3,5,2,2,5,2,3,2,5,2,4,1,1,3,3,3,2,N
5,5,4,3,3,3,3,3,3,3,4,3,4,4,4,3,4,3,3,4,3,3,4,4,4,3,3,3,3,2,3,2,N
5,5,3,5,5,2,1,3,3,1,2,5,5,5,4,2,5,4,4,3,1,3,3,5,1,3,1,1,3,4,3,2,N
5,5,4,5,3,4,2,4,4,2,5,1,5,3,5,1,3,2,2,3,2,1,2,4,1,5,1,1,2,3,3,2,N
4,4,4,3,3,4,4,4,4,2,2,2,4,4,3,4,4,3,3,4,4,3,3,4,3,3,1,1,1,2,2,2,N
5,4,5,5,5,4,4,4,4,1,2,1,5,5,2,3,4,4,4,5,5,5,5,5,5,1,2,1,3,3,3,3,N
5,5,5,5,4,4,4,4,4,4,4,2,3,4,3,3,4,3,3,3,3,3,3,3,3,3,2,2,3,3,3,2,N
5,4,4,4,4,3,3,4,4,1,4,2,4,5,1,3,4,4,4,3,4,3,4,4,5,2,1,1,3,3,3,1,N
5,4,4,4,3,4,4,4,4,2,3,3,4,5,2,4,4,3,4,3,2,2,3,4,3,3,2,2,2,2,3,1,P
4,3,3,4,3,3,4,3,4,2,4,2,4,5,4,3,4,3,3,4,4,3,3,4,4,2,4,3,4,4,5,1,P
5,5,5,5,3,5,5,3,5,1,4,3,5,5,2,3,5,3,3,4,3,3,3,5,3,3,2,2,3,4,3,1,P
5,5,5,5,4,4,4,5,5,3,4,2,4,5,1,3,5,3,3,4,3,2,3,5,3,4,3,3,4,4,4,1,P
4,4,5,5,3,2,3,3,3,1,4,3,3,5,3,2,5,5,4,4,3,3,3,5,3,3,1,1,3,5,1,2,P
5,3,5,4,3,3,4,4,4,3,,4,3,4,5,3,5,5,3,4,3,3,3,4,4,3,4,4,3,3,3,2,P
4,5,5,5,4,4,4,4,4,3,4,4,4,4,4,4,3,4,4,3,4,4,4,4,4,3,3,2,5,4,4,2,P
5,4,3,3,3,3,2,3,3,1,3,2,2,3,2,2,4,4,2,4,3,3,4,3,2,4,1,1,2,1,3,2,P
5,4,5,4,4,4,3,4,4,4,5,3,5,4,3,2,5,2,4,5,4,3,3,4,2,4,1,1,3,4,3,3,P
4,5,3,1,1,1,1,1,1,1,1,1,1,5,4,4,4,4,2,4,2,3,2,4,1,4,1,1,4,3,3,2,P
4,4,4,4,4,4,5,4,4,4,4,4,5,4,1,4,5,4,3,5,5,3,4,5,1,3,1,1,2,3,3,2,P
3,4,5,4,4,3,3,3,3,4,3,3,4,5,3,1,5,5,4,5,3,3,5,5,2,3,1,1,3,4,4,2,P
3,4,5,5,5,1,3,4,5,1,3,2,5,5,1,2,5,4,3,5,3,3,3,5,5,5,1,1,,,,1,P
4,4,4,4,4,5,2,3,4,4,1,2,2,4,4,4,5,4,4,5,3,4,4,5,5,5,1,1,4,5,5,2,P
4,5,4,4,4,3,3,2,3,2,4,3,3,4,4,5,5,4,5,4,3,2,4,4,4,4,2,2,3,3,3,1,P
4,4,4,4,4,4,4,3,4,3,3,3,4,4,2,2,4,2,3,4,4,3,2,5,2,3,1,1,3,3,3,2,P
4,3,4,3,2,2,3,2,3,1,4,1,5,4,2,5,5,4,4,3,4,4,4,4,2,1,1,1,3,3,3,2,P
5,5,5,5,5,4,5,5,5,3,5,2,5,5,1,3,3,4,4,5,4,3,4,5,3,3,1,1,3,3,3,3,P
4,4,4,3,2,3,4,3,3,1,3,1,4,4,2,4,3,3,3,4,2,2,3,5,3,4,2,2,3,2,3,2,P
5,5,5,5,3,5,4,3,5,1,5,4,5,5,3,5,5,3,5,5,5,3,3,5,3,3,1,1,2,2,2,2,P
5,5,5,5,5,5,5,5,5,3,5,2,5,5,1,3,4,4,3,3,3,3,3,4,1,3,1,2,4,4,4,2,P
4,4,4,2,2,2,2,4,5,1,5,3,3,5,2,3,5,5,4,3,3,3,4,4,4,4,1,1,3,2,3,2,P
5,3,5,5,1,5,3,5,5,1,3,1,5,5,1,2,5,2,3,5,5,3,2,5,3,4,1,1,2,4,2,2,P
5,5,3,3,3,3,2,4,4,3,3,1,4,3,2,3,5,5,4,4,3,3,4,4,3,2,3,3,3,4,4,3,P
4,5,3,5,5,3,4,5,5,1,5,1,5,5,1,1,4,2,1,4,1,3,3,5,3,5,1,1,1,1,1,2,P
5,4,4,4,3,5,4,4,5,2,4,2,3,4,2,3,4,4,4,3,3,3,3,4,3,3,1,1,3,4,3,2,P
5,4,3,3,2,3,3,3,4,2,3,2,4,4,3,3,4,3,3,4,3,3,3,4,3,3,2,2,3,3,3,1,P
3,3,5,3,3,3,3,2,3,1,2,3,4,5,2,3,4,3,3,2,3,3,3,3,3,3,3,2,3,3,3,1,P
5,4,4,3,3,5,5,2,2,2,4,2,4,3,1,4,5,5,1,4,2,3,4,3,3,5,1,1,3,2,3,2,P
5,5,5,5,5,5,5,4,4,1,4,2,5,5,3,4,5,4,3,5,4,3,3,5,5,5,2,2,2,3,2,1,P
5,4,5,3,2,4,2,4,5,1,5,1,4,5,1,2,5,4,4,5,3,1,2,5,1,4,1,1,4,4,3,2,P
4,5,4,4,2,5,4,5,5,2,4,1,5,4,1,4,5,4,4,5,3,3,4,5,3,2,1,1,4,4,4,1,P
3,3,4,1,1,3,2,4,4,1,2,1,4,5,1,2,5,2,2,5,3,3,1,5,3,4,1,1,4,4,3,2,P
5,4,4,4,4,4,4,4,4,3,3,3,4,4,1,3,4,4,3,4,4,3,3,4,3,4,4,4,4,4,4,1,P
4,4,4,4,4,5,4,4,4,3,3,3,4,4,3,3,5,2,3,4,4,3,3,4,3,2,2,2,3,3,3,2,P
5,5,5,5,3,3,3,4,4,2,2,3,3,5,1,3,5,4,4,5,3,3,3,5,4,3,1,1,2,2,2,3,P
5,5,4,5,4,3,4,3,4,3,3,2,3,4,4,4,5,3,3,4,3,3,3,3,2,4,2,2,3,4,3,2,P
5,5,3,4,2,3,2,3,3,2,3,3,4,3,4,3,5,3,4,5,3,2,3,5,3,3,1,4,2,2,3,3,P
5,4,5,3,1,3,2,5,3,3,3,2,3,4,5,4,5,3,3,2,3,3,3,4,3,4,2,2,2,3,5,2,P
5,4,5,3,3,3,5,3,5,3,5,2,4,5,1,3,5,2,3,5,3,2,2,5,4,3,1,1,2,2,2,1,P
5,4,4,3,2,3,4,3,4,2,1,1,2,2,1,4,5,4,3,4,3,4,3,4,1,2,1,1,1,2,1,2,P
3,5,5,5,3,4,4,4,4,3,4,3,5,5,2,3,5,4,4,5,2,2,3,4,3,5,1,4,3,3,3,2,P
5,5,5,4,4,3,2,2,3,1,3,3,5,4,1,1,5,2,3,4,2,2,1,5,3,5,1,1,2,2,2,2,P
5,5,5,5,5,5,3,3,4,1,4,2,4,5,1,4,5,5,4,5,4,4,3,5,2,2,1,1,3,4,3,1,P
5,4,5,5,4,4,3,3,4,1,3,3,4,5,2,3,5,4,3,5,1,1,4,5,1,2,1,1,2,3,2,2,P
5,4,4,4,4,3,2,3,3,3,4,2,5,4,5,2,5,4,3,5,2,2,3,5,4,5,1,2,2,2,2,2,P
4,4,4,2,2,5,3,1,5,1,5,1,5,5,1,2,4,3,5,4,3,2,2,5,5,3,1,2,3,3,3,1,P
5,5,4,4,1,2,2,1,3,1,3,1,5,4,2,2,5,4,4,2,1,2,3,5,4,4,3,3,4,4,3,2,P
5,5,5,5,5,5,4,5,5,1,2,2,3,5,1,1,5,5,3,4,3,3,3,5,3,3,1,1,1,1,1,1,P
5,5,5,5,5,3,3,3,3,3,3,3,3,4,1,5,5,5,5,5,4,4,4,5,5,3,1,1,3,3,4,1,P
5,5,4,5,4,2,4,4,4,3,4,3,4,4,3,3,5,5,3,5,4,3,3,5,3,5,1,1,3,3,3,2,P
5,5,5,4,3,3,3,4,2,3,4,4,4,5,4,3,5,3,5,5,2,1,1,5,3,1,1,1,2,2,3,2,P
5,5,5,5,5,5,3,5,5,1,3,3,3,5,1,5,5,5,5,5,5,1,5,1,3,5,1,1,3,3,3,2,P
5,5,5,5,5,3,5,5,5,3,4,4,5,5,5,1,3,3,3,3,1,1,3,3,1,4,1,1,,,,2,P
4,5,3,2,1,2,4,5,5,2,2,3,4,4,4,2,3,4,4,3,2,2,2,4,3,4,1,2,4,5,4,1,P
4,3,4,2,1,4,3,3,4,1,4,2,4,5,2,3,5,4,3,5,3,2,3,4,3,3,1,2,3,4,3,2,P
5,5,4,4,3,3,3,4,4,3,4,1,5,5,1,1,5,3,2,5,4,1,3,5,2,4,1,1,1,1,1,2,P
4,3,5,3,2,2,3,2,4,1,2,2,4,5,2,2,4,2,2,4,2,1,2,5,5,3,1,1,2,2,4,1,P
4,4,4,3,3,4,1,4,4,1,4,5,3,5,1,3,4,3,3,5,3,1,3,4,4,5,1,3,3,2,2,1,P
5,5,3,3,4,4,4,3,2,2,3,4,3,3,3,1,1,1,2,2,3,3,2,2,2,4,4,4,1,1,1,2,P
4,3,3,1,1,2,1,3,3,1,1,3,2,1,1,1,5,3,2,4,3,2,2,4,2,4,1,1,3,4,3,2,P
5,5,5,4,4,4,5,4,4,1,4,2,5,5,2,3,4,4,4,4,3,3,4,5,5,2,1,1,4,3,3,1,P
4,3,4,4,3,4,3,3,4,1,4,2,4,5,3,2,3,4,2,4,4,4,4,4,4,4,1,1,2,3,2,1,P
4,5,4,4,4,5,5,3,5,2,4,3,5,4,3,4,4,4,4,4,4,4,5,5,4,4,3,3,3,3,3,1,P
5,4,4,5,3,4,4,4,5,1,5,2,5,5,4,3,5,5,4,5,4,4,4,4,4,3,2,2,3,4,4,1,P
1,1,5,4,4,4,4,3,5,1,4,3,3,4,2,4,5,3,4,4,3,2,3,4,3,3,1,1,4,4,3,1,P
5,5,5,5,4,5,5,3,5,3,4,3,5,5,1,3,5,5,4,5,3,5,4,5,3,4,2,3,4,4,4,1,P
4,4,5,4,2,3,3,2,3,2,3,2,4,5,1,2,5,4,4,4,3,1,4,4,1,2,1,1,2,1,1,1,P
5,5,5,5,5,5,5,5,5,5,5,5,5,5,5,3,3,3,3,3,3,3,3,3,4,4,3,3,2,2,2,3,P
4,5,3,4,4,2,3,3,4,1,2,3,4,4,1,2,5,4,4,5,3,4,3,5,3,4,3,3,3,3,3,2,P
5,3,5,4,5,4,5,3,5,1,5,1,4,5,1,4,5,5,5,4,5,3,4,5,5,2,3,3,5,5,5,1,P
5,4,5,5,5,4,4,5,5,5,4,3,5,4,5,3,5,5,3,5,3,2,4,5,2,4,1,1,1,2,1,2,P
4,4,4,4,3,4,3,3,3,3,3,3,3,5,3,2,5,3,3,4,3,3,2,5,3,3,2,2,3,2,2,2,P
5,4,5,4,4,3,4,4,4,4,5,3,5,5,1,5,5,5,4,5,2,2,3,5,5,1,2,2,3,1,1,2,P
5,4,4,3,3,4,4,3,4,3,4,3,4,3,3,3,4,4,3,4,3,3,3,4,3,3,2,2,3,3,3,3,P
2,2,3,3,3,2,2,3,4,2,2,3,2,3,2,3,4,3,2,4,3,3,3,4,3,3,2,2,3,3,3,1,P
1,1,1,1,1,5,,3,5,1,5,1,3,1,1,3,5,1,3,2,1,1,3,4,2,3,1,1,1,1,1,1,P
4,4,4,3,3,5,4,2,4,2,4,2,4,5,1,3,5,5,3,3,2,1,2,5,5,4,1,1,3,3,3,2,P
5,5,5,4,4,5,5,4,4,3,4,3,4,5,1,3,4,2,2,2,2,2,2,4,2,4,1,1,3,3,3,1,N
4,3,2,3,3,4,5,4,4,3,3,3,4,3,3,5,4,4,5,5,3,3,3,2,2,3,2,3,4,4,4,2,N
5,4,4,3,3,4,2,2,4,3,3,4,4,5,1,4,5,3,4,4,2,2,2,5,3,3,1,2,2,2,2,3,N
5,5,5,5,4,5,5,3,5,3,4,4,5,5,2,1,5,2,2,5,2,2,3,5,5,5,1,1,2,2,2,3,N
5,4,4,3,3,3,4,3,4,2,3,2,5,5,1,3,4,2,2,4,3,3,2,5,3,4,1,1,3,3,3,2,N
4,4,4,4,3,,4,2,4,3,,,,4,,3,4,4,3,4,4,,,5,,3,,,3,4,,2,N
4,4,5,5,4,3,3,5,2,1,3,2,5,5,3,2,5,3,3,4,2,1,3,5,4,4,1,1,1,4,3,2,N
5,5,5,5,5,5,3,3,5,3,3,1,4,5,4,4,5,4,5,5,4,4,5,5,5,3,4,5,2,2,2,1,N
5,4,3,3,4,5,3,4,2,3,3,4,3,4,4,2,2,2,3,3,3,4,4,4,3,3,3,2,2,2,3,1,N
5,4,5,3,3,5,4,5,5,1,5,2,5,5,3,5,5,5,5,5,3,3,4,4,3,1,1,1,3,4,3,2,N
5,5,4,4,3,5,2,1,5,1,4,1,2,5,2,5,5,2,4,5,2,3,2,4,2,2,3,2,1,1,1,1,N
4,3,5,4,4,5,4,4,4,1,2,2,4,5,1,5,5,4,4,3,3,2,2,4,2,2,2,1,3,1,3,1,N
5,5,5,2,2,3,3,5,5,1,4,3,4,4,1,2,5,2,4,4,2,3,2,5,2,3,1,1,3,3,3,2,N
3,4,3,3,4,4,3,5,5,2,4,5,4,4,1,2,5,2,4,5,4,3,2,5,5,5,2,2,3,4,3,1,N
5,4,4,4,3,5,4,4,5,3,4,3,5,5,3,3,4,4,4,3,3,3,4,5,3,3,1,1,3,3,3,2,N
5,5,5,5,4,5,2,5,5,2,5,2,5,5,2,4,5,4,5,4,4,5,5,4,5,1,2,2,1,1,2,1,N
5,5,4,3,4,5,4,4,4,3,5,5,4,5,5,2,4,4,5,5,2,2,5,5,2,3,1,1,3,3,2,1,N
5,4,,4,3,3,2,3,3,4,3,4,5,5,3,2,4,4,3,3,2,1,2,3,3,2,2,3,2,3,3,3,N
5,4,4,3,3,4,3,3,3,2,3,3,4,4,3,3,4,3,5,3,3,3,4,3,3,3,2,2,3,3,3,3,N
5,5,5,4,2,4,4,3,3,3,3,4,5,5,3,4,4,4,4,5,3,2,3,4,2,3,1,1,3,3,3,2,N
5,2,4,3,3,3,2,2,4,3,3,3,3,4,2,2,4,4,3,3,4,3,3,5,3,4,2,1,2,3,4,1,N
4,4,5,3,2,4,3,2,5,1,4,1,3,5,1,5,4,3,5,4,5,4,4,5,4,1,3,5,5,5,5,1,N
5,3,4,3,3,5,4,4,3,2,4,2,5,5,3,1,4,3,3,4,3,2,1,5,2,5,1,1,3,4,3,2,N
4,4,5,4,4,5,3,3,3,2,4,3,5,5,3,2,5,3,3,5,5,1,3,4,4,2,2,2,4,4,3,1,N
5,4,4,4,3,3,3,3,4,3,3,3,3,4,2,4,5,4,4,4,3,2,3,4,3,3,2,2,2,2,2,1,N
4,4,3,3,2,3,3,3,4,2,4,2,4,5,2,4,4,3,4,4,4,3,4,5,1,3,1,1,3,3,3,1,N
4,4,4,3,3,3,4,3,3,4,3,3,3,4,3,3,4,3,3,3,3,3,3,4,3,3,1,1,3,2,3,2,N
5,5,5,5,4,5,4,4,4,3,3,2,5,4,1,4,5,4,4,4,5,4,4,5,2,2,1,3,4,4,3,1,N
4,4,4,4,3,4,4,3,5,3,2,2,3,4,3,3,5,4,4,5,3,3,3,4,2,2,1,1,2,3,3,2,N
4,2,3,2,2,1,3,4,4,2,5,3,5,5,3,2,5,5,4,4,2,2,4,5,2,3,2,3,3,2,3,3,N
4,3,4,3,3,2,3,3,3,1,3,2,4,4,4,2,5,2,4,4,3,1,2,5,3,3,2,2,1,1,3,2,N
5,5,4,1,2,2,3,3,4,1,3,1,5,5,1,2,4,2,2,4,3,3,2,5,3,4,1,1,1,1,1,2,N
5,5,4,4,3,3,4,4,4,2,4,2,5,4,3,3,5,5,4,5,3,1,4,4,1,5,1,1,1,2,3,2,N
5,3,3,4,4,2,2,2,4,3,3,1,5,5,2,2,5,3,2,3,2,1,3,4,2,3,3,2,,,,2,N
5,5,4,5,5,5,4,3,3,4,4,3,3,4,2,4,5,5,5,5,3,3,4,5,4,4,1,1,1,1,1,1,N
5,5,5,5,5,4,4,4,4,4,4,3,4,5,3,4,5,4,4,5,4,4,4,4,4,5,3,2,4,3,4,3,N
5,5,5,5,5,5,5,5,5,3,5,4,5,5,1,2,5,3,4,5,1,1,4,5,4,5,3,3,4,4,4,1,N
4,5,3,3,3,3,4,4,3,2,4,4,3,4,4,2,4,4,3,4,4,3,4,4,3,4,3,2,1,2,3,1,N
5,5,4,4,4,4,4,3,3,4,5,5,5,5,4,4,5,4,3,5,5,5,4,5,5,5,3,3,4,4,4,2,N
5,4,5,3,3,3,4,2,2,2,4,3,,5,2,3,,4,4,3,3,3,4,4,3,2,1,1,3,3,3,1,N
5,5,5,5,5,1,1,1,3,1,5,5,4,5,1,5,4,4,5,5,4,1,1,2,4,4,3,3,5,5,5,2,N
5,4,5,5,3,4,3,3,4,3,4,3,5,5,2,2,4,3,3,3,1,1,2,3,2,4,2,3,1,2,3,1,N
5,5,5,4,4,5,4,4,5,4,5,3,5,5,4,3,5,5,5,5,3,3,4,5,3,4,1,1,4,4,5,2,N
5,5,3,4,2,2,4,3,3,1,2,3,2,2,4,1,5,3,2,4,3,2,2,5,4,4,2,2,2,3,3,3,N
5,4,5,4,4,3,2,3,3,2,5,3,4,5,1,4,4,2,4,4,3,3,2,4,5,4,1,1,2,2,2,1,N
3,3,4,2,3,3,3,1,5,1,1,2,3,5,2,5,4,2,4,3,4,3,2,3,4,3,3,3,3,3,3,1,N
5,5,5,5,5,5,5,5,5,3,3,3,3,4,3,3,5,3,3,5,5,2,3,4,5,3,4,4,1,1,1,2,N
4,4,4,4,3,4,5,2,2,2,3,3,2,2,2,1,3,3,3,3,3,3,3,3,3,3,3,2,3,3,3,2,N
4,3,4,3,3,3,2,4,3,1,4,2,4,5,1,2,4,4,3,4,3,3,3,4,2,3,1,1,1,2,2,1,N
5,5,5,3,2,5,5,4,4,1,2,3,5,5,3,3,5,4,5,4,3,3,3,4,2,1,1,1,2,4,3,1,N
2,2,2,2,2,2,3,2,4,1,2,2,4,5,1,2,3,3,3,4,3,2,3,5,3,3,1,1,3,3,3,1,N
3,5,4,4,3,4,5,4,4,1,3,1,4,4,1,4,5,4,4,4,3,3,4,5,3,3,1,1,3,3,4,1,N
5,4,5,5,5,3,3,2,5,1,4,3,3,5,2,2,5,3,4,5,3,3,3,4,4,3,2,2,3,3,1,1,N
4,4,5,3,3,3,5,4,4,2,4,3,4,5,2,3,4,3,4,4,3,3,3,4,3,3,2,2,4,4,4,1,N
3,5,3,3,3,3,3,3,3,3,3,4,3,3,1,1,3,2,3,3,3,2,2,5,4,5,2,2,3,3,3,1,N
,,5,4,4,3,4,1,1,1,1,3,1,5,1,1,1,1,1,1,1,3,3,2,2,2,3,1,1,1,1,3,N
5,5,5,5,5,3,5,4,4,3,4,3,4,5,2,4,4,3,3,4,3,3,3,3,3,3,1,1,3,4,2,2,N
4,4,4,4,3,5,4,4,4,1,4,3,4,5,1,5,5,4,4,5,4,3,3,4,4,4,1,3,4,1,4,1,N
,4,4,4,4,4,4,4,4,4,4,4,4,4,4,4,4,4,4,4,4,4,4,4,4,4,4,4,4,4,4,3,N
4,5,5,4,4,4,4,3,5,4,4,2,3,5,3,2,4,3,2,4,4,3,3,5,3,3,1,1,4,3,3,2,N
2,2,3,3,4,4,3,3,2,2,3,5,5,4,4,4,4,3,3,4,4,5,5,5,5,4,4,5,3,3,3,2,N
5,4,4,3,3,4,2,3,3,3,4,3,3,5,1,5,5,4,4,3,5,4,4,4,3,3,3,3,3,3,5,1,N
4,5,3,4,4,2,5,2,2,1,4,3,3,4,2,3,5,3,2,4,3,3,2,4,3,2,1,2,3,2,2,2,N
5,5,5,4,4,5,3,4,4,1,2,1,3,4,3,4,5,5,5,4,4,4,4,4,3,3,3,3,5,5,5,1,N
5,5,5,4,4,5,4,4,3,4,4,5,4,5,4,4,4,3,4,4,4,4,4,5,3,5,4,3,4,4,5,1,N
4,4,3,5,5,5,5,4,3,4,5,3,3,3,3,2,3,4,4,5,5,5,4,4,4,5,4,4,4,4,4,1,N
5,5,4,3,2,2,3,3,3,4,4,4,3,3,1,3,3,3,4,4,4,4,4,3,3,5,5,5,5,4,3,2,N
1,1,1,3,3,5,5,3,4,1,2,1,5,5,1,3,5,3,2,3,2,2,2,3,2,4,1,1,1,3,3,2,N
4,4,4,4,4,4,4,2,2,3,3,3,3,4,4,4,4,4,4,4,3,3,3,4,3,2,2,2,3,3,3,3,N
4,4,4,4,4,2,4,3,4,2,2,1,4,5,1,3,4,2,3,4,2,2,3,4,5,3,1,1,3,2,2,1,N
5,4,4,4,3,2,2,2,3,2,2,2,3,5,4,2,5,3,3,5,2,3,3,5,3,4,2,2,3,3,3,2,N
3,3,4,4,4,4,3,2,2,3,4,3,2,4,3,3,3,3,4,4,4,2,2,3,4,3,3,3,3,5,2,3,N
5,4,3,3,4,4,4,3,3,3,4,4,5,5,5,3,5,4,3,2,4,3,4,5,3,3,2,1,3,4,4,3,N
4,4,5,3,3,5,5,3,3,2,4,2,3,5,1,5,5,5,4,5,5,4,,5,4,3,1,1,3,5,3,2,N
4,4,3,4,2,2,3,4,4,1,3,3,4,5,4,3,4,4,4,4,2,3,3,4,2,2,1,1,2,2,2,3,N
5,4,5,3,3,3,4,5,5,2,3,2,5,5,2,3,5,5,3,4,3,3,3,5,3,5,1,1,2,2,2,2,N
3,4,5,5,5,4,4,4,4,1,3,3,1,5,1,5,5,5,5,5,5,5,5,5,5,3,1,5,5,5,5,1,N
3,5,4,3,2,3,5,3,4,4,5,4,3,4,4,2,3,2,3,4,2,2,2,4,4,4,3,3,2,2,3,3,N
3,5,2,4,3,5,3,5,4,2,5,4,3,4,5,3,4,4,4,5,5,5,5,5,5,4,4,4,4,4,3,2,N
5,4,5,2,2,3,5,4,4,1,4,2,4,5,1,2,5,4,4,4,3,2,4,4,3,2,1,1,2,3,4,3,N
1,1,1,1,1,1,1,1,1,1,1,1,1,1,1,5,5,5,5,5,5,5,5,5,5,5,5,5,5,5,5,3,N
5,5,5,5,5,4,4,5,5,2,5,2,3,5,1,3,3,3,3,3,3,3,3,3,3,3,3,3,3,3,3,2,N
1,3,5,2,4,1,5,2,3,4,5,5,3,5,2,5,4,4,2,2,4,3,2,3,4,3,1,3,4,3,3,3,N
5,4,5,5,3,4,4,2,5,1,5,3,4,5,3,2,5,3,4,5,3,3,3,5,2,2,3,2,2,3,2,1,N
4,4,4,3,3,2,2,3,3,1,3,3,4,5,1,3,4,3,4,2,4,3,2,4,4,3,1,1,4,4,2,1,N
2,3,4,3,3,4,3,2,4,3,2,5,3,3,1,3,4,1,1,4,3,3,1,4,4,5,1,1,1,1,1,2,N
5,5,5,5,5,5,5,5,5,5,5,5,5,5,5,5,5,5,5,5,5,5,5,5,5,5,5,5,5,5,5,,N
3,5,5,5,5,5,4,1,3,3,3,5,3,4,4,2,4,3,4,4,3,2,2,4,2,5,1,1,3,5,3,2,N
3,4,5,5,5,4,3,3,2,2,3,4,4,4,4,4,3,2,1,2,3,4,5,4,4,2,2,2,2,3,3,3,N
5,5,4,4,4,5,4,4,4,4,4,3,3,5,1,4,5,5,5,5,4,3,4,5,4,5,4,2,5,4,2,3,N
5,5,5,5,4,4,4,4,4,1,4,2,5,5,1,4,5,5,4,5,2,2,2,5,3,4,1,1,3,3,4,1,N
5,4,5,5,3,2,2,4,4,2,4,3,5,4,3,3,5,3,4,5,3,3,3,5,3,3,2,2,3,3,4,2,N
5,4,5,4,4,4,5,4,4,1,4,2,5,5,1,3,4,3,5,3,5,4,4,4,4,1,2,3,3,3,3,1,N
4,4,3,4,2,2,4,4,3,1,4,1,3,4,1,3,5,3,3,4,2,3,2,4,3,3,1,1,2,1,2,2,N
3,3,3,4,2,2,3,3,3,2,3,1,4,4,1,5,5,5,3,5,3,3,4,5,3,3,1,1,3,3,3,2,N
5,5,5,5,5,3,5,3,5,5,4,1,3,3,3,2,3,3,3,3,4,2,4,4,4,5,1,1,3,3,3,3,N
1,3,3,4,4,4,5,1,5,1,5,4,5,4,3,1,4,4,5,4,3,2,4,4,5,3,3,1,2,3,5,1,N
1,1,1,1,5,5,5,3,3,5,1,5,5,5,1,1,1,1,4,2,4,3,2,4,2,3,4,5,5,3,1,3,N
5,4,4,4,3,2,2,2,2,1,5,2,5,5,3,3,4,3,3,4,3,3,3,4,4,5,1,1,3,3,3,2,N
4,4,5,3,3,5,4,4,4,2,4,4,5,5,2,2,5,5,4,3,3,4,4,4,4,4,4,4,3,3,3,2,N
5,5,5,3,3,5,5,3,4,2,3,3,3,4,3,3,5,4,5,5,3,3,4,5,4,3,1,1,2,2,2,3,N
5,5,5,4,4,4,4,2,5,3,4,1,3,5,5,3,5,1,3,5,5,3,3,5,3,3,1,1,5,4,4,3,N
