V1,V2,V3,V4,V5,V6,V7,V8,y2,y1
0.98,514.5,294,110.25,7,2,0,0,11,7
0.98,514.5,294,110.25,7,3,0,0,11,7
0.98,514.5,294,110.25,7,4,0,0,11,7
0.98,514.5,294,110.25,7,5,0,0,11,7
0.9,563.5,318.5,122.5,7,2,0,0,18,12
0.9,563.5,318.5,122.5,7,3,0,0,15,12
0.9,563.5,318.5,122.5,7,4,0,0,15,12
0.9,563.5,318.5,122.5,7,5,0,0,20,11
0.86,588,294,147,7,2,0,0,17,11
0.86,588,294,147,7,3,0,0,12,11
0.86,588,294,147,7,4,0,0,13,10
0.86,588,294,147,7,5,0,0,18,9
0.82,612.5,318.5,147,7,2,0,0,14,8
0.82,612.5,318.5,147,7,3,0,0,11,8
0.82,612.5,318.5,147,7,4,0,0,11,8
0.82,612.5,318.5,147,7,5,0,0,15,7
0.79,637,343,147,7,2,0,0,28,19
0.79,637,343,147,7,3,0,0,21,20
0.79,637,343,147,7,4,0,0,21,20
0.79,637,343,147,7,5,0,0,29,19
0.76,661.5,416.5,122.5,7,2,0,0,20,15
0.76,661.5,416.5,122.5,7,3,0,0,20,14
0.76,661.5,416.5,122.5,7,4,0,0,20,15
0.76,661.5,416.5,122.5,7,5,0,0,19,14
0.74,686,245,220.5,3.5,2,0,0,1,34
0.74,686,245,220.5,3.5,3,0,0,1,34
0.74,686,245,220.5,3.5,4,0,0,1,34
0.74,686,245,220.5,3.5,5,0,0,1,34
0.71,710.5,269.5,220.5,3.5,2,0,0,1,34
0.71,710.5,269.5,220.5,3.5,3,0,0,2,34
0.71,710.5,269.5,220.5,3.5,4,0,0,1,34
0.71,710.5,269.5,220.5,3.5,5,0,0,2,34
0.69,735,294,220.5,3.5,2,0,0,2,35
0.69,735,294,220.5,3.5,3,0,0,2,35
0.69,735,294,220.5,3.5,4,0,0,2,35
0.69,735,294,220.5,3.5,5,0,0,2,35
0.66,759.5,318.5,220.5,3.5,2,0,0,2,35
0.66,759.5,318.5,220.5,3.5,3,0,0,2,35
0.66,759.5,318.5,220.5,3.5,4,0,0,2,35
0.66,759.5,318.5,220.5,3.5,5,0,0,2,35
0.64,784,343,220.5,3.5,2,0,0,7,2
0.64,784,343,220.5,3.5,3,0,0,7,2
0.64,784,343,220.5,3.5,4,0,0,7,2
0.64,784,343,220.5,3.5,5,0,0,7,2
0.62,808.5,367.5,220.5,3.5,2,0,0,2,37
0.62,808.5,367.5,220.5,3.5,3,0,0,2,36
0.62,808.5,367.5,220.5,3.5,4,0,0,2,36
0.62,808.5,367.5,220.5,3.5,5,0,0,2,36
0.98,514.5,294,110.25,7,2,0.1,1,16,15
0.98,514.5,294,110.25,7,3,0.1,1,16,15
0.98,514.5,294,110.25,7,4,0.1,1,16,15
0.98,514.5,294,110.25,7,5,0.1,1,16,15
0.9,563.5,318.5,122.5,7,2,0.1,1,23,19
0.9,563.5,318.5,122.5,7,3,0.1,1,20,20
0.9,563.5,318.5,122.5,7,4,0.1,1,20,19
0.9,563.5,318.5,122.5,7,5,0.1,1,24,18
0.86,588,294,147,7,2,0.1,1,21,16
0.86,588,294,147,7,3,0.1,1,16,17
0.86,588,294,147,7,4,0.1,1,17,16
0.86,588,294,147,7,5,0.1,1,22,15
0.82,612.5,318.5,147,7,2,0.1,1,17,14
0.82,612.5,318.5,147,7,3,0.1,1,15,14
0.82,612.5,318.5,147,7,4,0.1,1,15,14
0.82,612.5,318.5,147,7,5,0.1,1,19,13
0.79,637,343,147,7,2,0.1,1,32,26
0.79,637,343,147,7,3,0.1,1,25,27
0.79,637,343,147,7,4,0.1,1,24,27
0.79,637,343,147,7,5,0.1,1,33,26
0.76,661.5,416.5,122.5,7,2,0.1,1,24,23
0.76,661.5,416.5,122.5,7,3,0.1,1,24,22
0.76,661.5,416.5,122.5,7,4,0.1,1,24,23
0.76,661.5,416.5,122.5,7,5,0.1,1,24,22
0.74,686,245,220.5,3.5,2,0.1,1,3,1
0.74,686,245,220.5,3.5,3,0.1,1,4,1
0.74,686,245,220.5,3.5,4,0.1,1,3,1
0.74,686,245,220.5,3.5,5,0.1,1,4,1
0.71,710.5,269.5,220.5,3.5,2,0.1,1,4,2
0.71,710.5,269.5,220.5,3.5,3,0.1,1,4,2
0.71,710.5,269.5,220.5,3.5,4,0.1,1,4,2
0.71,710.5,269.5,220.5,3.5,5,0.1,1,4,2
0.69,735,294,220.5,3.5,2,0.1,1,4,2
0.69,735,294,220.5,3.5,3,0.1,1,5,2
0.69,735,294,220.5,3.5,4,0.1,1,4,2
0.69,735,294,220.5,3.5,5,0.1,1,4,2
0.66,759.5,318.5,220.5,3.5,2,0.1,1,4,3
0.66,759.5,318.5,220.5,3.5,3,0.1,1,4,3
0.66,759.5,318.5,220.5,3.5,4,0.1,1,4,3
0.66,759.5,318.5,220.5,3.5,5,0.1,1,4,3
0.64,784,343,220.5,3.5,2,0.1,1,9,6
0.64,784,343,220.5,3.5,3,0.1,1,9,6
0.64,784,343,220.5,3.5,4,0.1,1,9,6
0.64,784,343,220.5,3.5,5,0.1,1,9,6
0.62,808.5,367.5,220.5,3.5,2,0.1,1,4,4
0.62,808.5,367.5,220.5,3.5,3,0.1,1,4,4
0.62,808.5,367.5,220.5,3.5,4,0.1,1,4,4
0.62,808.5,367.5,220.5,3.5,5,0.1,1,4,4
0.98,514.5,294,110.25,7,2,0.1,2,16,14
0.98,514.5,294,110.25,7,3,0.1,2,16,14
0.98,514.5,294,110.25,7,4,0.1,2,16,14
0.98,514.5,294,110.25,7,5,0.1,2,16,14
0.9,563.5,318.5,122.5,7,2,0.1,2,23,19
0.9,563.5,318.5,122.5,7,3,0.1,2,19,20
0.9,563.5,318.5,122.5,7,4,0.1,2,19,19
0.9,563.5,318.5,122.5,7,5,0.1,2,24,18
0.86,588,294,147,7,2,0.1,2,21,16
0.86,588,294,147,7,3,0.1,2,16,17
0.86,588,294,147,7,4,0.1,2,17,16
0.86,588,294,147,7,5,0.1,2,22,15
0.82,612.5,318.5,147,7,2,0.1,2,17,14
0.82,612.5,318.5,147,7,3,0.1,2,15,14
0.82,612.5,318.5,147,7,4,0.1,2,15,14
0.82,612.5,318.5,147,7,5,0.1,2,19,13
0.79,637,343,147,7,2,0.1,2,31,26
0.79,637,343,147,7,3,0.1,2,25,27
0.79,637,343,147,7,4,0.1,2,24,27
0.79,637,343,147,7,5,0.1,2,33,26
0.76,661.5,416.5,122.5,7,2,0.1,2,24,23
0.76,661.5,416.5,122.5,7,3,0.1,2,24,22
0.76,661.5,416.5,122.5,7,4,0.1,2,24,23
0.76,661.5,416.5,122.5,7,5,0.1,2,24,22
0.74,686,245,220.5,3.5,2,0.1,2,3,1
0.74,686,245,220.5,3.5,3,0.1,2,4,1
0.74,686,245,220.5,3.5,4,0.1,2,4,1
0.74,686,245,220.5,3.5,5,0.1,2,4,1
0.71,710.5,269.5,220.5,3.5,2,0.1,2,4,2
0.71,710.5,269.5,220.5,3.5,3,0.1,2,4,2
0.71,710.5,269.5,220.5,3.5,4,0.1,2,4,2
0.71,710.5,269.5,220.5,3.5,5,0.1,2,4,2
0.69,735,294,220.5,3.5,2,0.1,2,3,2
0.69,735,294,220.5,3.5,3,0.1,2,4,2
0.69,735,294,220.5,3.5,4,0.1,2,3,2
0.69,735,294,220.5,3.5,5,0.1,2,4,2
0.66,759.5,318.5,220.5,3.5,2,0.1,2,5,2
0.66,759.5,318.5,220.5,3.5,3,0.1,2,5,2
0.66,759.5,318.5,220.5,3.5,4,0.1,2,5,2
0.66,759.5,318.5,220.5,3.5,5,0.1,2,5,2
0.64,784,343,220.5,3.5,2,0.1,2,9,6
0.64,784,343,220.5,3.5,3,0.1,2,9,6
0.64,784,343,220.5,3.5,4,0.1,2,9,6
0.64,784,343,220.5,3.5,5,0.1,2,9,6
0.62,808.5,367.5,220.5,3.5,2,0.1,2,4,4
0.62,808.5,367.5,220.5,3.5,3,0.1,2,5,4
0.62,808.5,367.5,220.5,3.5,4,0.1,2,4,4
0.62,808.5,367.5,220.5,3.5,5,0.1,2,4,4
0.98,514.5,294,110.25,7,2,0.1,3,16,14
0.98,514.5,294,110.25,7,3,0.1,3,16,14
0.98,514.5,294,110.25,7,4,0.1,3,16,14
0.98,514.5,294,110.25,7,5,0.1,3,16,14
0.9,563.5,318.5,122.5,7,2,0.1,3,24,18
0.9,563.5,318.5,122.5,7,3,0.1,3,23,19
0.9,563.5,318.5,122.5,7,4,0.1,3,20,20
0.9,563.5,318.5,122.5,7,5,0.1,3,20,19
0.86,588,294,147,7,2,0.1,3,22,15
0.86,588,294,147,7,3,0.1,3,21,16
0.86,588,294,147,7,4,0.1,3,16,17
0.86,588,294,147,7,5,0.1,3,17,16
0.82,612.5,318.5,147,7,2,0.1,3,19,13
0.82,612.5,318.5,147,7,3,0.1,3,18,14
0.82,612.5,318.5,147,7,4,0.1,3,15,14
0.82,612.5,318.5,147,7,5,0.1,3,15,14
0.79,637,343,147,7,2,0.1,3,33,26
0.79,637,343,147,7,3,0.1,3,31,25
0.79,637,343,147,7,4,0.1,3,25,27
0.79,637,343,147,7,5,0.1,3,24,27
0.76,661.5,416.5,122.5,7,2,0.1,3,24,23
0.76,661.5,416.5,122.5,7,3,0.1,3,24,23
0.76,661.5,416.5,122.5,7,4,0.1,3,24,22
0.76,661.5,416.5,122.5,7,5,0.1,3,24,23
0.74,686,245,220.5,3.5,2,0.1,3,4,1
0.74,686,245,220.5,3.5,3,0.1,3,3,1
0.74,686,245,220.5,3.5,4,0.1,3,4,1
0.74,686,245,220.5,3.5,5,0.1,3,3,1
0.71,710.5,269.5,220.5,3.5,2,0.1,3,4,2
0.71,710.5,269.5,220.5,3.5,3,0.1,3,4,2
0.71,710.5,269.5,220.5,3.5,4,0.1,3,4,2
0.71,710.5,269.5,220.5,3.5,5,0.1,3,4,2
0.69,735,294,220.5,3.5,2,0.1,3,4,2
0.69,735,294,220.5,3.5,3,0.1,3,4,2
0.69,735,294,220.5,3.5,4,0.1,3,5,2
0.69,735,294,220.5,3.5,5,0.1,3,4,2
0.66,759.5,318.5,220.5,3.5,2,0.1,3,3,3
0.66,759.5,318.5,220.5,3.5,3,0.1,3,4,3
0.66,759.5,318.5,220.5,3.5,4,0.1,3,4,3
0.66,759.5,318.5,220.5,3.5,5,0.1,3,4,3
0.64,784,343,220.5,3.5,2,0.1,3,9,6
0.64,784,343,220.5,3.5,3,0.1,3,9,6
0.64,784,343,220.5,3.5,4,0.1,3,9,6
0.64,784,343,220.5,3.5,5,0.1,3,9,6
0.62,808.5,367.5,220.5,3.5,2,0.1,3,4,4
0.62,808.5,367.5,220.5,3.5,3,0.1,3,4,4
0.62,808.5,367.5,220.5,3.5,4,0.1,3,4,4
0.62,808.5,367.5,220.5,3.5,5,0.1,3,4,4
0.98,514.5,294,110.25,7,2,0.1,4,16,14
0.98,514.5,294,110.25,7,3,0.1,4,16,14
0.98,514.5,294,110.25,7,4,0.1,4,16,14
0.98,514.5,294,110.25,7,5,0.1,4,16,14
0.9,563.5,318.5,122.5,7,2,0.1,4,19,19
0.9,563.5,318.5,122.5,7,3,0.1,4,24,18
0.9,563.5,318.5,122.5,7,4,0.1,4,23,19
0.9,563.5,318.5,122.5,7,5,0.1,4,20,20
0.86,588,294,147,7,2,0.1,4,17,16
0.86,588,294,147,7,3,0.1,4,22,15
0.86,588,294,147,7,4,0.1,4,21,16
0.86,588,294,147,7,5,0.1,4,16,17
0.82,612.5,318.5,147,7,2,0.1,4,15,14
0.82,612.5,318.5,147,7,3,0.1,4,19,13
0.82,612.5,318.5,147,7,4,0.1,4,18,14
0.82,612.5,318.5,147,7,5,0.1,4,15,14
0.79,637,343,147,7,2,0.1,4,24,27
0.79,637,343,147,7,3,0.1,4,33,26
0.79,637,343,147,7,4,0.1,4,32,25
0.79,637,343,147,7,5,0.1,4,25,27
0.76,661.5,416.5,122.5,7,2,0.1,4,24,23
0.76,661.5,416.5,122.5,7,3,0.1,4,24,22
0.76,661.5,416.5,122.5,7,4,0.1,4,24,23
0.76,661.5,416.5,122.5,7,5,0.1,4,24,22
0.74,686,245,220.5,3.5,2,0.1,4,3,1
0.74,686,245,220.5,3.5,3,0.1,4,3,1
0.74,686,245,220.5,3.5,4,0.1,4,3,1
0.74,686,245,220.5,3.5,5,0.1,4,4,1
0.71,710.5,269.5,220.5,3.5,2,0.1,4,4,2
0.71,710.5,269.5,220.5,3.5,3,0.1,4,4,2
0.71,710.5,269.5,220.5,3.5,4,0.1,4,4,2
0.71,710.5,269.5,220.5,3.5,5,0.1,4,4,2
0.69,735,294,220.5,3.5,2,0.1,4,4,2
0.69,735,294,220.5,3.5,3,0.1,4,4,2
0.69,735,294,220.5,3.5,4,0.1,4,4,2
0.69,735,294,220.5,3.5,5,0.1,4,5,2
0.66,759.5,318.5,220.5,3.5,2,0.1,4,5,2
0.66,759.5,318.5,220.5,3.5,3,0.1,4,5,2
0.66,759.5,318.5,220.5,3.5,4,0.1,4,5,2
0.66,759.5,318.5,220.5,3.5,5,0.1,4,5,2
0.64,784,343,220.5,3.5,2,0.1,4,9,6
0.64,784,343,220.5,3.5,3,0.1,4,9,6
0.64,784,343,220.5,3.5,4,0.1,4,9,6
0.64,784,343,220.5,3.5,5,0.1,4,9,6
0.62,808.5,367.5,220.5,3.5,2,0.1,4,4,4
0.62,808.5,367.5,220.5,3.5,3,0.1,4,4,4
0.62,808.5,367.5,220.5,3.5,4,0.1,4,4,4
0.62,808.5,367.5,220.5,3.5,5,0.1,4,4,4
0.98,514.5,294,110.25,7,2,0.1,5,16,14
0.98,514.5,294,110.25,7,3,0.1,5,16,14
0.98,514.5,294,110.25,7,4,0.1,5,16,14
0.98,514.5,294,110.25,7,5,0.1,5,16,14
0.9,563.5,318.5,122.5,7,2,0.1,5,20,20
0.9,563.5,318.5,122.5,7,3,0.1,5,20,19
0.9,563.5,318.5,122.5,7,4,0.1,5,24,18
0.9,563.5,318.5,122.5,7,5,0.1,5,23,19
0.86,588,294,147,7,2,0.1,5,16,17
0.86,588,294,147,7,3,0.1,5,17,16
0.86,588,294,147,7,4,0.1,5,22,15
0.86,588,294,147,7,5,0.1,5,21,16
0.82,612.5,318.5,147,7,2,0.1,5,15,14
0.82,612.5,318.5,147,7,3,0.1,5,15,14
0.82,612.5,318.5,147,7,4,0.1,5,19,13
0.82,612.5,318.5,147,7,5,0.1,5,18,14
0.79,637,343,147,7,2,0.1,5,25,27
0.79,637,343,147,7,3,0.1,5,24,27
0.79,637,343,147,7,4,0.1,5,33,27
0.79,637,343,147,7,5,0.1,5,31,25
0.76,661.5,416.5,122.5,7,2,0.1,5,24,22
0.76,661.5,416.5,122.5,7,3,0.1,5,24,23
0.76,661.5,416.5,122.5,7,4,0.1,5,24,22
0.76,661.5,416.5,122.5,7,5,0.1,5,24,23
0.74,686,245,220.5,3.5,2,0.1,5,4,1
0.74,686,245,220.5,3.5,3,0.1,5,3,1
0.74,686,245,220.5,3.5,4,0.1,5,4,1
0.74,686,245,220.5,3.5,5,0.1,5,4,1
0.71,710.5,269.5,220.5,3.5,2,0.1,5,4,2
0.71,710.5,269.5,220.5,3.5,3,0.1,5,4,2
0.71,710.5,269.5,220.5,3.5,4,0.1,5,4,2
0.71,710.5,269.5,220.5,3.5,5,0.1,5,4,5
0.69,735,294,220.5,3.5,2,0.1,5,5,2
0.69,735,294,220.5,3.5,3,0.1,5,4,2
0.69,735,294,220.5,3.5,4,0.1,5,4,2
0.69,735,294,220.5,3.5,5,0.1,5,4,2
0.66,759.5,318.5,220.5,3.5,2,0.1,5,5,2
0.66,759.5,318.5,220.5,3.5,3,0.1,5,5,2
0.66,759.5,318.5,220.5,3.5,4,0.1,5,5,2
0.66,759.5,318.5,220.5,3.5,5,0.1,5,5,2
0.64,784,343,220.5,3.5,2,0.1,5,9,6
0.64,784,343,220.5,3.5,3,0.1,5,9,6
0.64,784,343,220.5,3.5,4,0.1,5,9,6
0.64,784,343,220.5,3.5,5,0.1,5,9,6
0.62,808.5,367.5,220.5,3.5,2,0.1,5,4,4
0.62,808.5,367.5,220.5,3.5,3,0.1,5,4,4
0.62,808.5,367.5,220.5,3.5,4,0.1,5,4,4
0.62,808.5,367.5,220.5,3.5,5,0.1,5,4,4
0.98,514.5,294,110.25,7,2,0.25,1,20,18
0.98,514.5,294,110.25,7,3,0.25,1,20,18
0.98,514.5,294,110.25,7,4,0.25,1,19,18
0.98,514.5,294,110.25,7,5,0.25,1,19,18
0.9,563.5,318.5,122.5,7,2,0.25,1,26,23
0.9,563.5,318.5,122.5,7,3,0.25,1,23,23
0.9,563.5,318.5,122.5,7,4,0.25,1,23,23
0.9,563.5,318.5,122.5,7,5,0.25,1,28,22
0.86,588,294,147,7,2,0.25,1,24,20
0.86,588,294,147,7,3,0.25,1,19,20
0.86,588,294,147,7,4,0.25,1,20,20
0.86,588,294,147,7,5,0.25,1,25,19
0.82,612.5,318.5,147,7,2,0.25,1,20,17
0.82,612.5,318.5,147,7,3,0.25,1,18,17
0.82,612.5,318.5,147,7,4,0.25,1,17,17
0.82,612.5,318.5,147,7,5,0.25,1,21,16
0.79,637,343,147,7,2,0.25,1,34,29
0.79,637,343,147,7,3,0.25,1,28,30
0.79,637,343,147,7,4,0.25,1,27,30
0.79,637,343,147,7,5,0.25,1,36,29
0.76,661.5,416.5,122.5,7,2,0.25,1,27,27
0.76,661.5,416.5,122.5,7,3,0.25,1,28,26
0.76,661.5,416.5,122.5,7,4,0.25,1,27,27
0.76,661.5,416.5,122.5,7,5,0.25,1,27,26
0.74,686,245,220.5,3.5,2,0.25,1,5,3
0.74,686,245,220.5,3.5,3,0.25,1,6,3
0.74,686,245,220.5,3.5,4,0.25,1,5,3
0.74,686,245,220.5,3.5,5,0.25,1,6,3
0.71,710.5,269.5,220.5,3.5,2,0.25,1,5,4
0.71,710.5,269.5,220.5,3.5,3,0.25,1,6,4
0.71,710.5,269.5,220.5,3.5,4,0.25,1,5,4
0.71,710.5,269.5,220.5,3.5,5,0.25,1,6,4
0.69,735,294,220.5,3.5,2,0.25,1,5,4
0.69,735,294,220.5,3.5,3,0.25,1,6,4
0.69,735,294,220.5,3.5,4,0.25,1,5,4
0.69,735,294,220.5,3.5,5,0.25,1,6,4
0.66,759.5,318.5,220.5,3.5,2,0.25,1,6,4
0.66,759.5,318.5,220.5,3.5,3,0.25,1,6,4
0.66,759.5,318.5,220.5,3.5,4,0.25,1,6,4
0.66,759.5,318.5,220.5,3.5,5,0.25,1,6,4
0.64,784,343,220.5,3.5,2,0.25,1,11,9
0.64,784,343,220.5,3.5,3,0.25,1,11,8
0.64,784,343,220.5,3.5,4,0.25,1,11,9
0.64,784,343,220.5,3.5,5,0.25,1,11,8
0.62,808.5,367.5,220.5,3.5,2,0.25,1,6,6
0.62,808.5,367.5,220.5,3.5,3,0.25,1,6,6
0.62,808.5,367.5,220.5,3.5,4,0.25,1,6,6
0.62,808.5,367.5,220.5,3.5,5,0.25,1,6,6
0.98,514.5,294,110.25,7,2,0.25,2,20,19
0.98,514.5,294,110.25,7,3,0.25,2,20,19
0.98,514.5,294,110.25,7,4,0.25,2,20,18
0.98,514.5,294,110.25,7,5,0.25,2,20,19
0.9,563.5,318.5,122.5,7,2,0.25,2,26,22
0.9,563.5,318.5,122.5,7,3,0.25,2,23,23
0.9,563.5,318.5,122.5,7,4,0.25,2,23,22
0.9,563.5,318.5,122.5,7,5,0.25,2,28,22
0.86,588,294,147,7,2,0.25,2,23,19
0.86,588,294,147,7,3,0.25,2,18,20
0.86,588,294,147,7,4,0.25,2,20,19
0.86,588,294,147,7,5,0.25,2,25,18
0.82,612.5,318.5,147,7,2,0.25,2,18,16
0.82,612.5,318.5,147,7,3,0.25,2,17,16
0.82,612.5,318.5,147,7,4,0.25,2,17,15
0.82,612.5,318.5,147,7,5,0.25,2,20,15
0.79,637,343,147,7,2,0.25,2,34,29
0.79,637,343,147,7,3,0.25,2,27,30
0.79,637,343,147,7,4,0.25,2,27,30
0.79,637,343,147,7,5,0.25,2,36,29
0.76,661.5,416.5,122.5,7,2,0.25,2,27,27
0.76,661.5,416.5,122.5,7,3,0.25,2,27,26
0.76,661.5,416.5,122.5,7,4,0.25,2,27,27
0.76,661.5,416.5,122.5,7,5,0.25,2,27,26
0.74,686,245,220.5,3.5,2,0.25,2,5,3
0.74,686,245,220.5,3.5,3,0.25,2,5,3
0.74,686,245,220.5,3.5,4,0.25,2,5,3
0.74,686,245,220.5,3.5,5,0.25,2,5,3
0.71,710.5,269.5,220.5,3.5,2,0.25,2,5,3
0.71,710.5,269.5,220.5,3.5,3,0.25,2,5,3
0.71,710.5,269.5,220.5,3.5,4,0.25,2,5,3
0.71,710.5,269.5,220.5,3.5,5,0.25,2,5,3
0.69,735,294,220.5,3.5,2,0.25,2,6,4
0.69,735,294,220.5,3.5,3,0.25,2,6,4
0.69,735,294,220.5,3.5,4,0.25,2,6,4
0.69,735,294,220.5,3.5,5,0.25,2,6,4
0.66,759.5,318.5,220.5,3.5,2,0.25,2,6,4
0.66,759.5,318.5,220.5,3.5,3,0.25,2,6,4
0.66,759.5,318.5,220.5,3.5,4,0.25,2,6,4
0.66,759.5,318.5,220.5,3.5,5,0.25,2,6,4
0.64,784,343,220.5,3.5,2,0.25,2,10,8
0.64,784,343,220.5,3.5,3,0.25,2,11,8
0.64,784,343,220.5,3.5,4,0.25,2,10,8
0.64,784,343,220.5,3.5,5,0.25,2,10,8
0.62,808.5,367.5,220.5,3.5,2,0.25,2,5,5
0.62,808.5,367.5,220.5,3.5,3,0.25,2,6,6
0.62,808.5,367.5,220.5,3.5,4,0.25,2,5,6
0.62,808.5,367.5,220.5,3.5,5,0.25,2,5,6
0.98,514.5,294,110.25,7,2,0.25,3,19,19
0.98,514.5,294,110.25,7,3,0.25,3,20,19
0.98,514.5,294,110.25,7,4,0.25,3,20,18
0.98,514.5,294,110.25,7,5,0.25,3,20,19
0.9,563.5,318.5,122.5,7,2,0.25,3,26,22
0.9,563.5,318.5,122.5,7,3,0.25,3,25,22
0.9,563.5,318.5,122.5,7,4,0.25,3,23,23
0.9,563.5,318.5,122.5,7,5,0.25,3,22,22
0.86,588,294,147,7,2,0.25,3,24,18
0.86,588,294,147,7,3,0.25,3,23,19
0.86,588,294,147,7,4,0.25,3,18,19
0.86,588,294,147,7,5,0.25,3,20,19
0.82,612.5,318.5,147,7,2,0.25,3,19,15
0.82,612.5,318.5,147,7,3,0.25,3,18,15
0.82,612.5,318.5,147,7,4,0.25,3,17,15
0.82,612.5,318.5,147,7,5,0.25,3,16,15
0.79,637,343,147,7,2,0.25,3,35,29
0.79,637,343,147,7,3,0.25,3,34,28
0.79,637,343,147,7,4,0.25,3,28,30
0.79,637,343,147,7,5,0.25,3,27,30
0.76,661.5,416.5,122.5,7,2,0.25,3,26,26
0.76,661.5,416.5,122.5,7,3,0.25,3,26,27
0.76,661.5,416.5,122.5,7,4,0.25,3,27,26
0.76,661.5,416.5,122.5,7,5,0.25,3,27,27
0.74,686,245,220.5,3.5,2,0.25,3,4,3
0.74,686,245,220.5,3.5,3,0.25,3,4,3
0.74,686,245,220.5,3.5,4,0.25,3,5,3
0.74,686,245,220.5,3.5,5,0.25,3,5,3
0.71,710.5,269.5,220.5,3.5,2,0.25,3,5,3
0.71,710.5,269.5,220.5,3.5,3,0.25,3,5,3
0.71,710.5,269.5,220.5,3.5,4,0.25,3,6,3
0.71,710.5,269.5,220.5,3.5,5,0.25,3,5,3
0.69,735,294,220.5,3.5,2,0.25,3,5,3
0.69,735,294,220.5,3.5,3,0.25,3,4,3
0.69,735,294,220.5,3.5,4,0.25,3,5,3
0.69,735,294,220.5,3.5,5,0.25,3,5,3
0.66,759.5,318.5,220.5,3.5,2,0.25,3,6,4
0.66,759.5,318.5,220.5,3.5,3,0.25,3,6,4
0.66,759.5,318.5,220.5,3.5,4,0.25,3,6,4
0.66,759.5,318.5,220.5,3.5,5,0.25,3,6,4
0.64,784,343,220.5,3.5,2,0.25,3,10,8
0.64,784,343,220.5,3.5,3,0.25,3,10,8
0.64,784,343,220.5,3.5,4,0.25,3,10,8
0.64,784,343,220.5,3.5,5,0.25,3,10,8
0.62,808.5,367.5,220.5,3.5,2,0.25,3,5,5
0.62,808.5,367.5,220.5,3.5,3,0.25,3,5,5
0.62,808.5,367.5,220.5,3.5,4,0.25,3,5,5
0.62,808.5,367.5,220.5,3.5,5,0.25,3,4,5
0.98,514.5,294,110.25,7,2,0.25,4,20,19
0.98,514.5,294,110.25,7,3,0.25,4,20,19
0.98,514.5,294,110.25,7,4,0.25,4,20,18
0.98,514.5,294,110.25,7,5,0.25,4,20,19
0.9,563.5,318.5,122.5,7,2,0.25,4,22,23
0.9,563.5,318.5,122.5,7,3,0.25,4,27,22
0.9,563.5,318.5,122.5,7,4,0.25,4,26,22
0.9,563.5,318.5,122.5,7,5,0.25,4,23,23
0.86,588,294,147,7,2,0.25,4,19,19
0.86,588,294,147,7,3,0.25,4,24,18
0.86,588,294,147,7,4,0.25,4,24,19
0.86,588,294,147,7,5,0.25,4,18,20
0.82,612.5,318.5,147,7,2,0.25,4,16,16
0.82,612.5,318.5,147,7,3,0.25,4,19,15
0.82,612.5,318.5,147,7,4,0.25,4,19,15
0.82,612.5,318.5,147,7,5,0.25,4,17,16
0.79,637,343,147,7,2,0.25,4,26,30
0.79,637,343,147,7,3,0.25,4,35,29
0.79,637,343,147,7,4,0.25,4,34,28
0.79,637,343,147,7,5,0.25,4,27,30
0.76,661.5,416.5,122.5,7,2,0.25,4,27,27
0.76,661.5,416.5,122.5,7,3,0.25,4,27,26
0.76,661.5,416.5,122.5,7,4,0.25,4,27,27
0.76,661.5,416.5,122.5,7,5,0.25,4,28,26
0.74,686,245,220.5,3.5,2,0.25,4,5,3
0.74,686,245,220.5,3.5,3,0.25,4,5,3
0.74,686,245,220.5,3.5,4,0.25,4,5,3
0.74,686,245,220.5,3.5,5,0.25,4,5,3
0.71,710.5,269.5,220.5,3.5,2,0.25,4,5,3
0.71,710.5,269.5,220.5,3.5,3,0.25,4,5,3
0.71,710.5,269.5,220.5,3.5,4,0.25,4,5,3
0.71,710.5,269.5,220.5,3.5,5,0.25,4,6,3
0.69,735,294,220.5,3.5,2,0.25,4,5,4
0.69,735,294,220.5,3.5,3,0.25,4,6,4
0.69,735,294,220.5,3.5,4,0.25,4,6,4
0.69,735,294,220.5,3.5,5,0.25,4,6,4
0.66,759.5,318.5,220.5,3.5,2,0.25,4,6,4
0.66,759.5,318.5,220.5,3.5,3,0.25,4,6,4
0.66,759.5,318.5,220.5,3.5,4,0.25,4,6,4
0.66,759.5,318.5,220.5,3.5,5,0.25,4,6,4
0.64,784,343,220.5,3.5,2,0.25,4,10,8
0.64,784,343,220.5,3.5,3,0.25,4,10,8
0.64,784,343,220.5,3.5,4,0.25,4,10,8
0.64,784,343,220.5,3.5,5,0.25,4,10,8
0.62,808.5,367.5,220.5,3.5,2,0.25,4,5,5
0.62,808.5,367.5,220.5,3.5,3,0.25,4,6,6
0.62,808.5,367.5,220.5,3.5,4,0.25,4,5,6
0.62,808.5,367.5,220.5,3.5,5,0.25,4,5,6
0.98,514.5,294,110.25,7,2,0.25,5,20,19
0.98,514.5,294,110.25,7,3,0.25,5,20,19
0.98,514.5,294,110.25,7,4,0.25,5,20,18
0.98,514.5,294,110.25,7,5,0.25,5,20,19
0.9,563.5,318.5,122.5,7,2,0.25,5,22,23
0.9,563.5,318.5,122.5,7,3,0.25,5,22,22
0.9,563.5,318.5,122.5,7,4,0.25,5,27,22
0.9,563.5,318.5,122.5,7,5,0.25,5,26,22
0.86,588,294,147,7,2,0.25,5,18,20
0.86,588,294,147,7,3,0.25,5,19,19
0.86,588,294,147,7,4,0.25,5,24,18
0.86,588,294,147,7,5,0.25,5,23,19
0.82,612.5,318.5,147,7,2,0.25,5,17,16
0.82,612.5,318.5,147,7,3,0.25,5,16,15
0.82,612.5,318.5,147,7,4,0.25,5,19,15
0.82,612.5,318.5,147,7,5,0.25,5,18,15
0.79,637,343,147,7,2,0.25,5,28,30
0.79,637,343,147,7,3,0.25,5,27,30
0.79,637,343,147,7,4,0.25,5,35,29
0.79,637,343,147,7,5,0.25,5,34,29
0.76,661.5,416.5,122.5,7,2,0.25,5,27,26
0.76,661.5,416.5,122.5,7,3,0.25,5,27,27
0.76,661.5,416.5,122.5,7,4,0.25,5,26,26
0.76,661.5,416.5,122.5,7,5,0.25,5,26,27
0.74,686,245,220.5,3.5,2,0.25,5,4,3
0.74,686,245,220.5,3.5,3,0.25,5,5,3
0.74,686,245,220.5,3.5,4,0.25,5,5,3
0.74,686,245,220.5,3.5,5,0.25,5,4,3
0.71,710.5,269.5,220.5,3.5,2,0.25,5,5,3
0.71,710.5,269.5,220.5,3.5,3,0.25,5,5,3
0.71,710.5,269.5,220.5,3.5,4,0.25,5,5,3
0.71,710.5,269.5,220.5,3.5,5,0.25,5,5,3
0.69,735,294,220.5,3.5,2,0.25,5,5,3
0.69,735,294,220.5,3.5,3,0.25,5,5,3
0.69,735,294,220.5,3.5,4,0.25,5,5,3
0.69,735,294,220.5,3.5,5,0.25,5,5,3
0.66,759.5,318.5,220.5,3.5,2,0.25,5,6,4
0.66,759.5,318.5,220.5,3.5,3,0.25,5,6,4
0.66,759.5,318.5,220.5,3.5,4,0.25,5,6,4
0.66,759.5,318.5,220.5,3.5,5,0.25,5,6,4
0.64,784,343,220.5,3.5,2,0.25,5,10,8
0.64,784,343,220.5,3.5,3,0.25,5,10,8
0.64,784,343,220.5,3.5,4,0.25,5,10,8
0.64,784,343,220.5,3.5,5,0.25,5,10,8
0.62,808.5,367.5,220.5,3.5,2,0.25,5,5,5
0.62,808.5,367.5,220.5,3.5,3,0.25,5,5,5
0.62,808.5,367.5,220.5,3.5,4,0.25,5,5,5
0.62,808.5,367.5,220.5,3.5,5,0.25,5,5,5
0.98,514.5,294,110.25,7,2,0.4,1,23,22
0.98,514.5,294,110.25,7,3,0.4,1,23,22
0.98,514.5,294,110.25,7,4,0.4,1,23,22
0.98,514.5,294,110.25,7,5,0.4,1,23,23
0.9,563.5,318.5,122.5,7,2,0.4,1,29,26
0.9,563.5,318.5,122.5,7,3,0.4,1,26,27
0.9,563.5,318.5,122.5,7,4,0.4,1,26,27
0.9,563.5,318.5,122.5,7,5,0.4,1,31,26
0.86,588,294,147,7,2,0.4,1,26,22
0.86,588,294,147,7,3,0.4,1,21,22
0.86,588,294,147,7,4,0.4,1,22,22
0.86,588,294,147,7,5,0.4,1,27,21
0.82,612.5,318.5,147,7,2,0.4,1,22,19
0.82,612.5,318.5,147,7,3,0.4,1,19,20
0.82,612.5,318.5,147,7,4,0.4,1,19,20
0.82,612.5,318.5,147,7,5,0.4,1,24,19
0.79,637,343,147,7,2,0.4,1,35,31
0.79,637,343,147,7,3,0.4,1,29,33
0.79,637,343,147,7,4,0.4,1,28,32
0.79,637,343,147,7,5,0.4,1,37,32
0.76,661.5,416.5,122.5,7,2,0.4,1,30,31
0.76,661.5,416.5,122.5,7,3,0.4,1,31,30
0.76,661.5,416.5,122.5,7,4,0.4,1,31,31
0.76,661.5,416.5,122.5,7,5,0.4,1,29,30
0.74,686,245,220.5,3.5,2,0.4,1,7,6
0.74,686,245,220.5,3.5,3,0.4,1,7,6
0.74,686,245,220.5,3.5,4,0.4,1,7,5
0.74,686,245,220.5,3.5,5,0.4,1,7,6
0.71,710.5,269.5,220.5,3.5,2,0.4,1,7,6
0.71,710.5,269.5,220.5,3.5,3,0.4,1,8,6
0.71,710.5,269.5,220.5,3.5,4,0.4,1,7,5
0.71,710.5,269.5,220.5,3.5,5,0.4,1,7,6
0.69,735,294,220.5,3.5,2,0.4,1,6,6
0.69,735,294,220.5,3.5,3,0.4,1,7,6
0.69,735,294,220.5,3.5,4,0.4,1,7,5
0.69,735,294,220.5,3.5,5,0.4,1,7,5
0.66,759.5,318.5,220.5,3.5,2,0.4,1,8,6
0.66,759.5,318.5,220.5,3.5,3,0.4,1,8,6
0.66,759.5,318.5,220.5,3.5,4,0.4,1,8,6
0.66,759.5,318.5,220.5,3.5,5,0.4,1,8,6
0.64,784,343,220.5,3.5,2,0.4,1,13,11
0.64,784,343,220.5,3.5,3,0.4,1,13,10
0.64,784,343,220.5,3.5,4,0.4,1,13,10
0.64,784,343,220.5,3.5,5,0.4,1,13,10
0.62,808.5,367.5,220.5,3.5,2,0.4,1,7,6
0.62,808.5,367.5,220.5,3.5,3,0.4,1,7,8
0.62,808.5,367.5,220.5,3.5,4,0.4,1,7,8
0.62,808.5,367.5,220.5,3.5,5,0.4,1,7,8
0.98,514.5,294,110.25,7,2,0.4,2,23,23
0.98,514.5,294,110.25,7,3,0.4,2,23,23
0.98,514.5,294,110.25,7,4,0.4,2,24,22
0.98,514.5,294,110.25,7,5,0.4,2,24,23
0.9,563.5,318.5,122.5,7,2,0.4,2,28,26
0.9,563.5,318.5,122.5,7,3,0.4,2,25,27
0.9,563.5,318.5,122.5,7,4,0.4,2,25,26
0.9,563.5,318.5,122.5,7,5,0.4,2,31,26
0.86,588,294,147,7,2,0.4,2,25,22
0.86,588,294,147,7,3,0.4,2,21,23
0.86,588,294,147,7,4,0.4,2,22,22
0.86,588,294,147,7,5,0.4,2,27,22
0.82,612.5,318.5,147,7,2,0.4,2,20,19
0.82,612.5,318.5,147,7,3,0.4,2,18,19
0.82,612.5,318.5,147,7,4,0.4,2,19,19
0.82,612.5,318.5,147,7,5,0.4,2,23,18
0.79,637,343,147,7,2,0.4,2,36,32
0.79,637,343,147,7,3,0.4,2,29,33
0.79,637,343,147,7,4,0.4,2,29,33
0.79,637,343,147,7,5,0.4,2,38,32
0.76,661.5,416.5,122.5,7,2,0.4,2,29,31
0.76,661.5,416.5,122.5,7,3,0.4,2,30,30
0.76,661.5,416.5,122.5,7,4,0.4,2,30,31
0.76,661.5,416.5,122.5,7,5,0.4,2,30,30
0.74,686,245,220.5,3.5,2,0.4,2,6,6
0.74,686,245,220.5,3.5,3,0.4,2,7,5
0.74,686,245,220.5,3.5,4,0.4,2,7,5
0.74,686,245,220.5,3.5,5,0.4,2,7,5
0.71,710.5,269.5,220.5,3.5,2,0.4,2,7,6
0.71,710.5,269.5,220.5,3.5,3,0.4,2,7,6
0.71,710.5,269.5,220.5,3.5,4,0.4,2,7,5
0.71,710.5,269.5,220.5,3.5,5,0.4,2,8,6
0.69,735,294,220.5,3.5,2,0.4,2,6,6
0.69,735,294,220.5,3.5,3,0.4,2,7,6
0.69,735,294,220.5,3.5,4,0.4,2,7,5
0.69,735,294,220.5,3.5,5,0.4,2,7,6
0.66,759.5,318.5,220.5,3.5,2,0.4,2,8,6
0.66,759.5,318.5,220.5,3.5,3,0.4,2,8,6
0.66,759.5,318.5,220.5,3.5,4,0.4,2,8,6
0.66,759.5,318.5,220.5,3.5,5,0.4,2,8,6
0.64,784,343,220.5,3.5,2,0.4,2,12,10
0.64,784,343,220.5,3.5,3,0.4,2,12,10
0.64,784,343,220.5,3.5,4,0.4,2,12,10
0.64,784,343,220.5,3.5,5,0.4,2,12,10
0.62,808.5,367.5,220.5,3.5,2,0.4,2,7,8
0.62,808.5,367.5,220.5,3.5,3,0.4,2,7,8
0.62,808.5,367.5,220.5,3.5,4,0.4,2,7,8
0.62,808.5,367.5,220.5,3.5,5,0.4,2,7,8
0.98,514.5,294,110.25,7,2,0.4,3,23,23
0.98,514.5,294,110.25,7,3,0.4,3,23,23
0.98,514.5,294,110.25,7,4,0.4,3,24,22
0.98,514.5,294,110.25,7,5,0.4,3,24,23
0.9,563.5,318.5,122.5,7,2,0.4,3,27,24
0.9,563.5,318.5,122.5,7,3,0.4,3,25,25
0.9,563.5,318.5,122.5,7,4,0.4,3,24,25
0.9,563.5,318.5,122.5,7,5,0.4,3,23,24
0.86,588,294,147,7,2,0.4,3,25,21
0.86,588,294,147,7,3,0.4,3,25,22
0.86,588,294,147,7,4,0.4,3,20,22
0.86,588,294,147,7,5,0.4,3,22,22
0.82,612.5,318.5,147,7,2,0.4,3,22,19
0.82,612.5,318.5,147,7,3,0.4,3,21,20
0.82,612.5,318.5,147,7,4,0.4,3,20,19
0.82,612.5,318.5,147,7,5,0.4,3,20,19
0.79,637,343,147,7,2,0.4,3,36,31
0.79,637,343,147,7,3,0.4,3,34,31
0.79,637,343,147,7,4,0.4,3,29,32
0.79,637,343,147,7,5,0.4,3,28,32
0.76,661.5,416.5,122.5,7,2,0.4,3,28,29
0.76,661.5,416.5,122.5,7,3,0.4,3,28,30
0.76,661.5,416.5,122.5,7,4,0.4,3,30,29
0.76,661.5,416.5,122.5,7,5,0.4,3,30,30
0.74,686,245,220.5,3.5,2,0.4,3,6,5
0.74,686,245,220.5,3.5,3,0.4,3,5,5
0.74,686,245,220.5,3.5,4,0.4,3,7,5
0.74,686,245,220.5,3.5,5,0.4,3,7,5
0.71,710.5,269.5,220.5,3.5,2,0.4,3,6,5
0.71,710.5,269.5,220.5,3.5,3,0.4,3,5,5
0.71,710.5,269.5,220.5,3.5,4,0.4,3,7,5
0.71,710.5,269.5,220.5,3.5,5,0.4,3,6,5
0.69,735,294,220.5,3.5,2,0.4,3,6,5
0.69,735,294,220.5,3.5,3,0.4,3,6,6
0.69,735,294,220.5,3.5,4,0.4,3,7,5
0.69,735,294,220.5,3.5,5,0.4,3,7,5
0.66,759.5,318.5,220.5,3.5,2,0.4,3,7,6
0.66,759.5,318.5,220.5,3.5,3,0.4,3,8,6
0.66,759.5,318.5,220.5,3.5,4,0.4,3,8,6
0.66,759.5,318.5,220.5,3.5,5,0.4,3,8,6
0.64,784,343,220.5,3.5,2,0.4,3,11,9
0.64,784,343,220.5,3.5,3,0.4,3,11,10
0.64,784,343,220.5,3.5,4,0.4,3,12,9
0.64,784,343,220.5,3.5,5,0.4,3,12,9
0.62,808.5,367.5,220.5,3.5,2,0.4,3,7,7
0.62,808.5,367.5,220.5,3.5,3,0.4,3,7,7
0.62,808.5,367.5,220.5,3.5,4,0.4,3,7,8
0.62,808.5,367.5,220.5,3.5,5,0.4,3,6,8
0.98,514.5,294,110.25,7,2,0.4,4,23,23
0.98,514.5,294,110.25,7,3,0.4,4,23,23
0.98,514.5,294,110.25,7,4,0.4,4,24,22
0.98,514.5,294,110.25,7,5,0.4,4,24,23
0.9,563.5,318.5,122.5,7,2,0.4,4,24,26
0.9,563.5,318.5,122.5,7,3,0.4,4,30,26
0.9,563.5,318.5,122.5,7,4,0.4,4,29,25
0.9,563.5,318.5,122.5,7,5,0.4,4,26,27
0.86,588,294,147,7,2,0.4,4,22,22
0.86,588,294,147,7,3,0.4,4,26,22
0.86,588,294,147,7,4,0.4,4,26,22
0.86,588,294,147,7,5,0.4,4,21,23
0.82,612.5,318.5,147,7,2,0.4,4,18,19
0.82,612.5,318.5,147,7,3,0.4,4,22,18
0.82,612.5,318.5,147,7,4,0.4,4,21,19
0.82,612.5,318.5,147,7,5,0.4,4,18,20
0.79,637,343,147,7,2,0.4,4,28,33
0.79,637,343,147,7,3,0.4,4,38,32
0.79,637,343,147,7,4,0.4,4,36,31
0.79,637,343,147,7,5,0.4,4,30,33
0.76,661.5,416.5,122.5,7,2,0.4,4,30,31
0.76,661.5,416.5,122.5,7,3,0.4,4,30,30
0.76,661.5,416.5,122.5,7,4,0.4,4,30,31
0.76,661.5,416.5,122.5,7,5,0.4,4,31,30
0.74,686,245,220.5,3.5,2,0.4,4,7,5
0.74,686,245,220.5,3.5,3,0.4,4,7,5
0.74,686,245,220.5,3.5,4,0.4,4,7,5
0.74,686,245,220.5,3.5,5,0.4,4,7,5
0.71,710.5,269.5,220.5,3.5,2,0.4,4,7,6
0.71,710.5,269.5,220.5,3.5,3,0.4,4,7,6
0.71,710.5,269.5,220.5,3.5,4,0.4,4,7,5
0.71,710.5,269.5,220.5,3.5,5,0.4,4,8,6
0.69,735,294,220.5,3.5,2,0.4,4,7,6
0.69,735,294,220.5,3.5,3,0.4,4,7,6
0.69,735,294,220.5,3.5,4,0.4,4,7,6
0.69,735,294,220.5,3.5,5,0.4,4,7,6
0.66,759.5,318.5,220.5,3.5,2,0.4,4,8,6
0.66,759.5,318.5,220.5,3.5,3,0.4,4,8,6
0.66,759.5,318.5,220.5,3.5,4,0.4,4,8,6
0.66,759.5,318.5,220.5,3.5,5,0.4,4,8,6
0.64,784,343,220.5,3.5,2,0.4,4,12,10
0.64,784,343,220.5,3.5,3,0.4,4,12,10
0.64,784,343,220.5,3.5,4,0.4,4,12,10
0.64,784,343,220.5,3.5,5,0.4,4,12,10
0.62,808.5,367.5,220.5,3.5,2,0.4,4,7,7
0.62,808.5,367.5,220.5,3.5,3,0.4,4,7,8
0.62,808.5,367.5,220.5,3.5,4,0.4,4,7,8
0.62,808.5,367.5,220.5,3.5,5,0.4,4,7,8
0.98,514.5,294,110.25,7,2,0.4,5,23,23
0.98,514.5,294,110.25,7,3,0.4,5,23,23
0.98,514.5,294,110.25,7,4,0.4,5,24,22
0.98,514.5,294,110.25,7,5,0.4,5,24,23
0.9,563.5,318.5,122.5,7,2,0.4,5,24,26
0.9,563.5,318.5,122.5,7,3,0.4,5,23,25
0.9,563.5,318.5,122.5,7,4,0.4,5,29,25
0.9,563.5,318.5,122.5,7,5,0.4,5,27,25
0.86,588,294,147,7,2,0.4,5,20,22
0.86,588,294,147,7,3,0.4,5,21,22
0.86,588,294,147,7,4,0.4,5,26,21
0.86,588,294,147,7,5,0.4,5,26,22
0.82,612.5,318.5,147,7,2,0.4,5,20,20
0.82,612.5,318.5,147,7,3,0.4,5,20,20
0.82,612.5,318.5,147,7,4,0.4,5,24,19
0.82,612.5,318.5,147,7,5,0.4,5,23,20
0.79,637,343,147,7,2,0.4,5,29,32
0.79,637,343,147,7,3,0.4,5,28,32
0.79,637,343,147,7,4,0.4,5,37,31
0.79,637,343,147,7,5,0.4,5,35,31
0.76,661.5,416.5,122.5,7,2,0.4,5,29,29
0.76,661.5,416.5,122.5,7,3,0.4,5,30,30
0.76,661.5,416.5,122.5,7,4,0.4,5,28,29
0.76,661.5,416.5,122.5,7,5,0.4,5,28,30
0.74,686,245,220.5,3.5,2,0.4,5,7,5
0.74,686,245,220.5,3.5,3,0.4,5,7,5
0.74,686,245,220.5,3.5,4,0.4,5,7,5
0.74,686,245,220.5,3.5,5,0.4,5,7,5
0.71,710.5,269.5,220.5,3.5,2,0.4,5,6,3
0.71,710.5,269.5,220.5,3.5,3,0.4,5,5,4
0.71,710.5,269.5,220.5,3.5,4,0.4,5,5,4
0.71,710.5,269.5,220.5,3.5,5,0.4,5,5,3
0.69,735,294,220.5,3.5,2,0.4,5,7,5
0.69,735,294,220.5,3.5,3,0.4,5,6,5
0.69,735,294,220.5,3.5,4,0.4,5,7,5
0.69,735,294,220.5,3.5,5,0.4,5,7,5
0.66,759.5,318.5,220.5,3.5,2,0.4,5,8,6
0.66,759.5,318.5,220.5,3.5,3,0.4,5,8,6
0.66,759.5,318.5,220.5,3.5,4,0.4,5,8,6
0.66,759.5,318.5,220.5,3.5,5,0.4,5,8,6
0.64,784,343,220.5,3.5,2,0.4,5,11,9
0.64,784,343,220.5,3.5,3,0.4,5,10,9
0.64,784,343,220.5,3.5,4,0.4,5,11,9
0.64,784,343,220.5,3.5,5,0.4,5,11,9
0.62,808.5,367.5,220.5,3.5,2,0.4,5,7,8
0.62,808.5,367.5,220.5,3.5,3,0.4,5,7,7
0.62,808.5,367.5,220.5,3.5,4,0.4,5,7,7
0.62,808.5,367.5,220.5,3.5,5,0.4,5,6,8
